Cage,Platform ID,Our ID,Strain,Track,Sex,Weight,Ear punch,Attachment L ,Attachment R,DOB,DOW,DOD,Father,Father's genotype,Mother,Mother's genotype,Cruce from,Genotype,FST order,Comments,Expected date of VR,Adjusted date of VR,Expected day of FST and sac,Adjusted date of FST and sac
Exp2,230001519,E2,N6,Exp,F,9.2,L,,,22-Dec-22,11-Jan-23,28-Feb-23,220050245,N5,220048509,C57BL/6J CU,36627,genotyped,1a,open hole,22-Feb-23,,25-Feb-23,28-Feb-23
Exp2,230001516,M2,MRL/MpJ CSY,Exp,F,14.67,Both,,,21-Dec-22,11-Jan-23,28-Feb-23,220048524,MRL/MpJ CSY,220048521,MRL/MpJ CSY,36624,,2a,,22-Feb-23,,25-Feb-23,28-Feb-23
Exp5,230002149,E6,N6,Exp,M,9.37,R,,,22-Dec-22,16-Jan-23,6-Mar-23,220048513,C57BL/6J CU,220050266,N5,36626,genotyped,1a,COT pursues the focal,27-Feb-23,,2-Mar-23,6-Mar-23
Exp5,230002161,D1,DBA/2J AZM,Exp,M,7.82,Both,,,27-Dec-22,16-Jan-23,6-Mar-23,220048517,DBA/2J AZM,220048514,DBA/2J AZM,36653,,2a,,27-Feb-23,,2-Mar-23,6-Mar-23
Exp6,230002150,E7,N6,Exp,M,10.9,L,,,22-Dec-22,16-Jan-23,6-Mar-23,220048513,C57BL/6J CU,220050266,N5,36626,genotyped,3a,,27-Feb-23,,2-Mar-23,6-Mar-23
Exp6,230002162,D2,DBA/2J AZM,Exp,M,7.56,both,,,27-Dec-22,16-Jan-23,6-Mar-23,220048517,DBA/2J AZM,220048514,DBA/2J AZM,36653,,4a,,27-Feb-23,,2-Mar-23,6-Mar-23
Exp7,230002151,E8,N6,Exp,F,10.2,L,,,22-Dec-22,16-Jan-23,6-Mar-23,220048513,C57BL/6J CU,220050266,N5,36626,genotyped,1b,,27-Feb-23,,2-Mar-23,6-Mar-23
Exp7,230002165,D6,DBA/2J AZM,Exp,F,7.45,both,,,27-Dec-22,16-Jan-23,6-Mar-23,220048517,DBA/2J AZM,220048514,DBA/2J AZM,36653,,2b,,27-Feb-23,,2-Mar-23,6-Mar-23
Exp8,230002152,E9,N6,Exp,F,10.38,L,,,22-Dec-22,16-Jan-23,6-Mar-23,220048513,C57BL/6J CU,220050266,N5,36626,genotyped,3b,,27-Feb-23,,2-Mar-23,6-Mar-23
Exp8,230002166,D7,DBA/2J AZM,Exp,F,7.55,both,,,27-Dec-22,16-Jan-23,6-Mar-23,220048517,DBA/2J AZM,220048514,DBA/2J AZM,36653,,4b,,27-Feb-23,,2-Mar-23,6-Mar-23
Exp9,230002153,E10,N6,Exp,F,9.7,L,,,22-Dec-22,16-Jan-23,6-Mar-23,220048513,C57BL/6J CU,220050266,N5,36626,genotyped,1c,,27-Feb-23,,2-Mar-23,6-Mar-23
Exp9,230002167,D8,DBA/2J AZM,Exp,F,7.01,both,,,27-Dec-22,16-Jan-23,6-Mar-23,220048517,DBA/2J AZM,220048514,DBA/2J AZM,36653,,2c,,27-Feb-23,,2-Mar-23,6-Mar-23
Exp10,230002154,E11,N6,Exp,F,7.95,L,,,22-Dec-22,16-Jan-23,6-Mar-23,220048513,C57BL/6J CU,220050266,N5,36626,genotyped,3c,,27-Feb-23,,2-Mar-23,6-Mar-23
Exp10,230002159,C7,CBA/J BIT,Exp,F,10.7,Both,,,27-Dec-22,16-Jan-23,6-Mar-23,220048505,CBA/J BIT,220048502,CBA/J BIT,36651,,4c,,27-Feb-23,,2-Mar-23,6-Mar-23
Exp11,230005795,E20,N6,Exp,M,9.92,L,,,15-Jan-23,8-Feb-23,27-Mar-23,220048512,C57BL/6J CU,220050247,N5,36625,genotyped,1a,,22-Mar-23,,25-Mar-23,27-Mar-23
Exp11,230005798,M3,MRL/MpJ CSY,Exp,M,10.47,Both,,,20-Jan-23,8-Feb-23,27-Mar-23,220048523,MRL/MpJ CSY,220048520,MRL/MpJ CSY,36654,,2a,,22-Mar-23,,25-Mar-23,27-Mar-23
Exp12,230005796,E21,N6,Exp,F,10.7,L,,,15-Jan-23,8-Feb-23,27-Mar-23,220048512,C57BL/6J CU,220050247,N5,36625,genotyped,3a,,22-Mar-23,,25-Mar-23,27-Mar-23
Exp12,230005800,M5,MRL/MpJ CSY,Exp,F,9.55,Both,,,20-Jan-23,8-Feb-23,27-Mar-23,220048523,MRL/MpJ CSY,220048520,MRL/MpJ CSY,36654,,4a,,22-Mar-23,,25-Mar-23,27-Mar-23
Exp13,230005797,E22,N6,Exp,F,10.53,L_R,,,15-Jan-23,8-Feb-23,27-Mar-23,220048512,C57BL/6J CU,220050247,N5,36625,genotyped,1b,,22-Mar-23,,25-Mar-23,27-Mar-23
Exp13,230005801,M6,MRL/MpJ CSY,Exp,F,10.01,Both,,,20-Jan-23,8-Feb-23,27-Mar-23,220048523,MRL/MpJ CSY,220048520,MRL/MpJ CSY,36654,,2b,,22-Mar-23,,25-Mar-23,27-Mar-23
Exp 15,230008144,E24,N6,Exp,M,9.7,L,,,6-Feb-23,27-Feb-23,14-Apr-23,220050245,N5,220048509,C57BL/6J CU,36627,genotyped,1a,Fights,10-Apr-23,,13-Apr-23,14-Apr-23
Exp 15,230008419,C13,CBA/J BIT,Exp,M,10.94,Both,,,5-Feb-23,27-Feb-23,14-Apr-23,220048506,CBA/J BIT,220048503,CBA/J BIT,36621,,2a,,10-Apr-23,,13-Apr-23,14-Apr-23
Exp 16,230008145,E25,N6,Exp,M,9.4,L,,,6-Feb-23,27-Feb-23,14-Apr-23,220050245,N5,220048509,C57BL/6J CU,36627,genotyped,3a,Fights,10-Apr-23,,13-Apr-23,14-Apr-23
Exp 16,230008420,C14,CBA/J BIT,Exp,M,12.18,Both,,,5-Feb-23,27-Feb-23,14-Apr-23,220048506,CBA/J BIT,220048503,CBA/J BIT,36621,,4a,,10-Apr-23,,13-Apr-23,14-Apr-23
Exp 18,230008148,E28,N6,Exp,F,9.17,L,,,6-Feb-23,27-Feb-23,14-Apr-23,220050245,N5,220048509,C57BL/6J CU,36627,genotyped,1b,,10-Apr-23,,13-Apr-23,14-Apr-23
Exp 18,230008423,C16,CBA/J BIT,Exp,F,9.02,Both,,,5-Feb-23,27-Feb-23,14-Apr-23,220048506,CBA/J BIT,220048503,CBA/J BIT,36621,,2b,Ocular problems,10-Apr-23,,13-Apr-23,14-Apr-23
Exp 19,230008437,E29,N6,Exp,F,8.72,L,,,6-Feb-23,27-Feb-23,14-Apr-23,220050245,N5,220048509,C57BL/6J CU,36627,genotyped,3b,,10-Apr-23,,13-Apr-23,14-Apr-23
Exp 19,230008422,C17,CBA/J BIT,Exp,F,10.34,Both,,,5-Feb-23,27-Feb-23,14-Apr-23,220048506,CBA/J BIT,220048503,CBA/J BIT,36621,,4b,,10-Apr-23,,13-Apr-23,14-Apr-23
Exp 21,230008438,E30,N6,Exp,F,9.68,L,,,6-Feb-23,1-Mar-23,18-Apr-23,220050245,N5,220048509,C57BL/6J CU,36627,genotyped,1a,,12-Apr-23,,15-Apr-23,18-Apr-23
Exp 21,230008663,D14,DBA/2J AZM,Exp,F,8,Both,,,8-Feb-23,1-Mar-23,18-Apr-23,220048517,DBA/2J AZM,220048514,DBA/2J AZM,36653,,2a,,12-Apr-23,,15-Apr-23,18-Apr-23
Exp 22,230008439,E31,N6,Exp,F,9.4,L,,,6-Feb-23,1-Mar-23,18-Apr-23,220050245,N5,220048509,C57BL/6J CU,36627,genotyped,3a,,12-Apr-23,,15-Apr-23,18-Apr-23
Exp 22,230008664,D15,DBA/2J AZM,Exp,F,9.57,Both,,,8-Feb-23,1-Mar-23,18-Apr-23,220048517,DBA/2J AZM,220048514,DBA/2J AZM,36653,,4a,,12-Apr-23,,15-Apr-23,18-Apr-23
Exp 23,230011020,E32,N6,Exp,M,8.82,L,,,22-Feb-23,16-Mar-23,3-May-23,220055173,C57BL/6J_PRBB,220054436,N5,36945,genotyped,1a,,27-Apr-23,,30-Apr-23,3-May-23
Exp 23,230011029,M17,MRL/MpJ CSY,Exp,M,11.8,Both,,,23-Feb-23,16-Mar-23,3-May-23,220048524,MRL/MpJ CSY,220048521,MRL/MpJ CSY,36624,,2a,,27-Apr-23,,30-Apr-23,3-May-23
Exp 24,230011021,E33,N6,Exp,M,8.35,L,,,22-Feb-23,16-Mar-23,3-May-23,220055173,C57BL/6J_PRBB,220054436,N5,36945,genotyped,3a,,27-Apr-23,,30-Apr-23,3-May-23
Exp 24,230011030,M18,MRL/MpJ CSY,Exp,M,12.46,Both,,,23-Feb-23,16-Mar-23,3-May-23,220048524,MRL/MpJ CSY,220048521,MRL/MpJ CSY,36624,,4a,,27-Apr-23,,30-Apr-23,3-May-23
Exp 25,230011022,E34,N6,Exp,M,8,L,,,22-Feb-23,16-Mar-23,3-May-23,220055173,C57BL/6J_PRBB,220054436,N5,36945,genotyped,1b,,27-Apr-23,,30-Apr-23,3-May-23
Exp 25,230011031,M19,MRL/MpJ CSY,Exp,M,13,Both,,,23-Feb-23,16-Mar-23,3-May-23,220048524,MRL/MpJ CSY,220048521,MRL/MpJ CSY,36624,,2b,,27-Apr-23,,30-Apr-23,3-May-23
Exp 26,230011023,E35,N6,Exp,M,8.55,L,,,22-Feb-23,16-Mar-23,3-May-23,220055173,C57BL/6J_PRBB,220054436,N5,36945,genotyped,3b,,27-Apr-23,,30-Apr-23,3-May-23
Exp 26,230011032,M20,MRL/MpJ CSY,Exp,M,12.2,Both,,,23-Feb-23,16-Mar-23,3-May-23,220048524,MRL/MpJ CSY,220048521,MRL/MpJ CSY,36624,,4b,,27-Apr-23,,30-Apr-23,3-May-23
Exp 27,230011027,E39,N6,Exp,F,9.2,L,,,22-Feb-23,16-Mar-23,5-May-23,220055173,C57BL/6J_PRBB,220054436,N5,36945,genotyped,1c,,27-Apr-23,,30-Apr-23,5-May-23
Exp 27,230011033,M21,MRL/MpJ CSY,Exp,F,10.58,Both,,,23-Feb-23,16-Mar-23,5-May-23,220048524,MRL/MpJ CSY,220048521,MRL/MpJ CSY,36624,,2c,,27-Apr-23,,30-Apr-23,5-May-23
Exp 28,230011028,E40,N6,Exp,F,8.39,L,,,22-Feb-23,16-Mar-23,5-May-23,220055173,C57BL/6J_PRBB,220054436,N5,36945,genotyped,3c,,27-Apr-23,,30-Apr-23,5-May-23
Exp 28,230011034,M22,MRL/MpJ CSY,Exp,F,11.5,Both,,,23-Feb-23,16-Mar-23,5-May-23,220048524,MRL/MpJ CSY,220048521,MRL/MpJ CSY,36624,,4c,,27-Apr-23,,30-Apr-23,5-May-23
Exp 29,230012082,E41,N6,Exp,M,13,L,,,28-Feb-23,23-Mar-23,5-May-23,220048512,C57BL/6J CU,220050247,N5,36625,genotyped,1a,,4-May-23,,7-May-23,5-May-23
Exp 29,230013003,C18,CBA/J BIT,Exp,M,8.45,Both,,,3-Mar-23,23-Mar-23,5-May-23,220048505,CBA/J BIT,220048502,CBA/J BIT,36651,,2a,,4-May-23,,7-May-23,5-May-23
EXP 30,230013578,E44,N6,Exp,M,"9,73",L,,,13-Mar-23,3-Apr-23,18-May-23,220054419,N5,230002772,C57BL/6J CU,37039,genotyped,1a,,15-May-23,,18-May-23,18-May-23
EXP 30,230013575,B14,C57BL/6J CU,Exp,M,"10,10",Both,,,13-Mar-23,3-Apr-23,18-May-23,230002770,C57BL/6J CU,230002773,C57BL/6J CU,37040,,2a,,15-May-23,,18-May-23,18-May-23
EXP 31,230013583,E49,N6,Exp,F,"7,90",L,,,13-Mar-23,3-Apr-23,18-May-23,220054419,N5,230002772,C57BL/6J CU,37039,genotyped,3a,,15-May-23,,18-May-23,18-May-23
EXP 31,230013576,B15,C57BL/6J CU,Exp,F,"9,70",Both,,,13-Mar-23,3-Apr-23,18-May-23,230002770,C57BL/6J CU,230002773,C57BL/6J CU,37040,,4a,,15-May-23,,18-May-23,18-May-23
EXP 32,230013584,E50,N6,Exp,F,"9,86",L,,,13-Mar-23,3-Apr-23,18-May-23,220054419,N5,230002772,C57BL/6J CU,37039,genotyped,1b,,15-May-23,,18-May-23,18-May-23
EXP 32,230013577,B16,C57BL/6J CU,Exp,F,"10,01",Both,,,13-Mar-23,3-Apr-23,18-May-23,230002770,C57BL/6J CU,230002773,C57BL/6J CU,37040,,2b,,15-May-23,,18-May-23,18-May-23
EXP 33,230015261,E56,N6,Exp,F,"5,8",L,,,22-Mar-23,14-Apr-23,26-May-23,220050263,N5,220048510,C57BL/6J CU,36628,genotyped,1a,,26-May-23,,29-May-23,26-May-23
EXP 33,230015264,B17,C57BL/6J CU,Exp,F,"8,15",Both,,,27-Mar-23,14-Apr-23,26-May-23,220048511,C57BL/6J CU,220048508,C57BL/6J CU,36652,,2a,,26-May-23,,29-May-23,26-May-23
EXP 34,230015262,E57,N6,Exp,F,"5,5",L,,,22-Mar-23,14-Apr-23,26-May-23,220050263,N5,220048510,C57BL/6J CU,36628,genotyped,3a,,26-May-23,,29-May-23,26-May-23
EXP 34,230015265,B18,C57BL/6J CU,Exp,F,"8,5",Both,,,27-Mar-23,14-Apr-23,26-May-23,220048511,C57BL/6J CU,220048508,C57BL/6J CU,36652,,4a,,26-May-23,,29-May-23,26-May-23
EXP 35,230015263,E58,N6,Exp,F,"5,4",L,,,22-Mar-23,14-Apr-23,26-May-23,220050263,N5,220048510,C57BL/6J CU,36628,genotyped,1b,,26-May-23,10-May-23,29-May-23,26-May-23
EXP 35,230015266,B19,C57BL/6J CU,Exp,F,"8,7",Both,,,27-Mar-23,14-Apr-23,26-May-23,220048511,C57BL/6J CU,220048508,C57BL/6J CU,36652,,2b,,26-May-23,10-May-23,29-May-23,26-May-23
EXP 36,230016734,E59,N6,Exp,M,"8,87",L,,,4-Apr-23,25-Apr-23,9-Jun-23,220050245,N5,220048509,C57BL/6J CU,36627,genotyped,1a,,6-Jun-23,11-May-23,9-Jun-23,
EXP 36,230016730,B24,C57BL/6J CU,Exp,M,"10,28",Both,,,3-Apr-23,25-Apr-23,9-Jun-23,230002770,C57BL/6J CU,230002773,C57BL/6J CU,37040,,2a,,6-Jun-23,11-May-23,9-Jun-23,
EXP 37,230016736,E61,N6,Exp,F,"8,54",L,,,4-Apr-23,25-Apr-23,9-Jun-23,220050245,N5,220048509,C57BL/6J CU,36627,genotyped,3a,,6-Jun-23,15-May-23,9-Jun-23,
EXP 37,230016731,B25,C57BL/6J CU,Exp,F,"10,58",Both,,,3-Apr-23,25-Apr-23,9-Jun-23,230002770,C57BL/6J CU,230002773,C57BL/6J CU,37040,,4a,,6-Jun-23,15-May-23,9-Jun-23,
EXP 38,230017808,E73,N6,Exp,F,"9,25",L,,,11-Apr-23,2-May-23,16-Jun-23,220055173,C57BL/6J_PRBB,220054436,N5,36945,genotyped,1a,,13-Jun-23,17-May-23,16-Jun-23,
EXP 38,230017815,B27,C57BL/6J CU,Exp,F,"11,25",Both,,,11-Apr-23,2-May-23,16-Jun-23,230006173,C57BL/6J CU,230006175,C57BL/6J CU,37140,,2a,,13-Jun-23,17-May-23,16-Jun-23,
EXP 39,230017809,E74,N6,Exp,F,"7,45",L,,,11-Apr-23,2-May-23,16-Jun-23,220055173,C57BL/6J_PRBB,220054436,N5,36945,genotyped,3a,,13-Jun-23,18-May-23,16-Jun-23,
EXP 39,230017816,B28,C57BL/6J CU,Exp,F,"12,05",Both,,,11-Apr-23,2-May-23,16-Jun-23,230006173,C57BL/6J CU,230006175,C57BL/6J CU,37140,,4a,,13-Jun-23,18-May-23,16-Jun-23,
EXP 40,230017810,E75,N6,Exp,F,"8,38",L,,,11-Apr-23,2-May-23,16-Jun-23,220055173,C57BL/6J_PRBB,220054436,N5,36945,genotyped,1b,,13-Jun-23,22-May-23,16-Jun-23,
EXP 40,230017817,B29,C57BL/6J CU,Exp,F,"11,36",Both,,,11-Apr-23,2-May-23,16-Jun-23,230006173,C57BL/6J CU,230006175,C57BL/6J CU,37140,,2b,,13-Jun-23,22-May-23,16-Jun-23,
EXP 41,230017811,E76,N6,Exp,F,"6,05",L,,,11-Apr-23,2-May-23,16-Jun-23,220055173,C57BL/6J_PRBB,220054436,N5,36945,genotyped,3b,open hole,13-Jun-23,25-May-23,16-Jun-23,
EXP 41,230017818,B30,C57BL/6J CU,Exp,F,"10,01",Both,,,11-Apr-23,2-May-23,16-Jun-23,230006173,C57BL/6J CU,230006175,C57BL/6J CU,37140,,4b,,13-Jun-23,25-May-23,16-Jun-23,
EXP 42,230017812,E77,N6,Exp,F,"9,55",L,,,11-Apr-23,2-May-23,16-Jun-23,220055173,C57BL/6J_PRBB,220054436,N5,36945,genotyped,1c,,13-Jun-23,1-Jun-23,16-Jun-23,
EXP 42,230017819,B31,C57BL/6J CU,Exp,F,"11,63",Both,,,11-Apr-23,2-May-23,16-Jun-23,230006173,C57BL/6J CU,230006175,C57BL/6J CU,37140,,2c,,13-Jun-23,1-Jun-23,16-Jun-23,
EXP 43,230017813,E78,N6,Exp,F,"7,17",L,,,11-Apr-23,2-May-23,16-Jun-23,220055173,C57BL/6J_PRBB,220054436,N5,36945,genotyped,3c,open hole,13-Jun-23,5-Jun-23,16-Jun-23,
EXP 43,230017820,B32,C57BL/6J CU,Exp,F,"10,51",Both,,,11-Apr-23,2-May-23,16-Jun-23,230006173,C57BL/6J CU,230006175,C57BL/6J CU,37140,,4c,,13-Jun-23,5-Jun-23,16-Jun-23,
Exp 44,230019855,E79,N7,Exp,M,"9,45",L,,,23-Apr-23,15-May-23,26-Jun-23,230006172,C57BL/6J CU,230007863,N6,37197,genotyped,1a,,26-Jun-23,6-Jun-23,29-Jun-23,26-Jun-23
Exp 44,230019853,C25,CBA/J BIT,Exp,M,"14,4",Both,,,21-Apr-23,15-May-23,26-Jun-23,230009359,CBA/J BIT,230009361,CBA/J BIT,37239,,2a,,26-Jun-23,6-Jun-23,29-Jun-23,26-Jun-23
Exp 45,230019858,E82,N7,Exp,F,"9,36",L,,,23-Apr-23,15-May-23,26-Jun-23,230006172,C57BL/6J CU,230007863,N6,37197,genotyped,3a,,26-Jun-23,7-Jun-23,29-Jun-23,26-Jun-23
Exp 45,230019854,C26,CBA/J BIT,Exp,F,"13,8",Both,,,21-Apr-23,15-May-23,26-Jun-23,230009359,CBA/J BIT,230009361,CBA/J BIT,37239,,4a,,26-Jun-23,7-Jun-23,29-Jun-23,26-Jun-23
Exp 46,230020402,E86,N6,Exp,M,"10,83",L,,,23-Apr-23,17-May-23,3-Jul-23,220054419,N5,230002772,C57BL/6J CU,37039,genotyped,1a,,28-Jun-23,8-Jun-23,1-Jul-23,3-Jul-23
Exp 46,230020347,M33,MRL/MpJ CSY,Exp,M,"9,0",Both,,,27-Apr-23,17-May-23,3-Jul-23,230009428,MRL/MpJ CSY,230009431,MRL/MpJ CSY,37270,,2a,Open hole_Injured in the back (during 24hs VR),28-Jun-23,8-Jun-23,1-Jul-23,3-Jul-23
Exp 47,230020406,E90,N6,Exp,F,"9,92",L,,,23-Apr-23,17-May-23,7-Jul-23,220054419,N5,230002772,C57BL/6J CU,37039,genotyped,3a,Right ear punch Non collected tissue,28-Jun-23,12-Jun-23,1-Jul-23,7-Jul-23
Exp 47,230020349,M35,MRL/MpJ CSY,Exp,F,"14,5",Both,,,27-Apr-23,17-May-23,7-Jul-23,230009428,MRL/MpJ CSY,230009431,MRL/MpJ CSY,37270,,4a,,28-Jun-23,12-Jun-23,1-Jul-23,7-Jul-23
Exp 48,230020407,E91,N6,Exp,F,"10,41",L,,,23-Apr-23,17-May-23,7-Jul-23,220054419,N5,230002772,C57BL/6J CU,37039,genotyped,1b,,28-Jun-23,13-Jun-23,1-Jul-23,7-Jul-23
Exp 48,230020350,M36,MRL/MpJ CSY,Exp,F,"12,72",Both,,,27-Apr-23,17-May-23,7-Jul-23,230009428,MRL/MpJ CSY,230009431,MRL/MpJ CSY,37270,,2b,,28-Jun-23,13-Jun-23,1-Jul-23,7-Jul-23
Exp 49,230020408,E92,N6,Exp,F,"10,17",L,,,23-Apr-23,17-May-23,7-Jul-23,220054419,N5,230002772,C57BL/6J CU,37039,genotyped,3b,,28-Jun-23,21-Jun-23,1-Jul-23,7-Jul-23
Exp 49,230020351,M37,MRL/MpJ CSY,Exp,F,"12,74",Both,,,27-Apr-23,17-May-23,7-Jul-23,230009428,MRL/MpJ CSY,230009431,MRL/MpJ CSY,37270,,4b,,28-Jun-23,21-Jun-23,1-Jul-23,7-Jul-23
Exp 50,230022670,E99,N8,Exp,F,"9,19",R,,,9-May-23,1-Jun-23,17-Jul-23,230007860,N7,230006174,C57BL/6J CU,37196,,1a,,13-Jul-23,22-Jun-23,16-Jul-23,17-Jul-23
Exp 50,230022676,D16,DBA/2J AZM,Exp,F,"8,0",Both,,,12-May-23,1-Jun-23,17-Jul-23,230008660,DBA/2J AZM,230008666,DBA/2J AZM,37216,,2a,,13-Jul-23,22-Jun-23,16-Jul-23,17-Jul-23
Exp 51,230022668,E97,N8,Exp,M,"9,44",R,,,9-May-23,1-Jun-23,17-Jul-23,230007860,N7,230006174,C57BL/6J CU,37196,genotyped,3a,chasing just before FST,13-Jul-23,26-Jun-23,16-Jul-23,17-Jul-23
Exp 51,230022671,B36,C57BL/6J CU,Exp,M,"9,23",Both,,,11-May-23,1-Jun-23,17-Jul-23,220048511,C57BL/6J CU,220048508,C57BL/6J CU,36652,,4a,super stressed because of noise during VR,13-Jul-23,26-Jun-23,16-Jul-23,17-Jul-23
Exp 52,230022669,E98,N8,Exp,M,"9,07",L,,,9-May-23,1-Jun-23,20-Jul-23,230007860,N7,230006174,C57BL/6J CU,37196,genotyped at weaning,1b,,13-Jul-23,29-Jun-23,16-Jul-23,20-Jul-23
Exp 52,230022672,B37,C57BL/6J CU,Exp,M,"9,63",Both,,,11-May-23,1-Jun-23,20-Jul-23,220048511,C57BL/6J CU,220048508,C57BL/6J CU,36652,,2b,,13-Jul-23,29-Jun-23,16-Jul-23,20-Jul-23
Exp 53,230026176,E107,N7,Exp,M,"8,47",L,,,3-Jun-23,26-Jun-23,10-Aug-23,230007860,N6,230006174,C57BL/6J CU,37196,,,,7-Aug-23,3-Jul-23,10-Aug-23,
Exp 53,230026203,D24,DBA/2J AZM,Exp,M,"10,69",Both,,,4-Jun-23,26-Jun-23,10-Aug-23,230008660,DBA/2J AZM,230008666,DBA/2J AZM,37216,,,,7-Aug-23,3-Jul-23,10-Aug-23,
Exp 55,230026178,E109,N7,Exp,F,"9,06",L,,,3-Jun-23,26-Jun-23,10-Aug-23,230007860,N6,230006174,C57BL/6J CU,37196,,,,7-Aug-23,4-Jul-23,10-Aug-23,
Exp 55,230026207,D28,DBA/2J AZM,Exp,F,"9,3",Both,,,4-Jun-23,26-Jun-23,10-Aug-23,230008660,DBA/2J AZM,230008666,DBA/2J AZM,37216,,,,7-Aug-23,4-Jul-23,10-Aug-23,
Exp 57,230026185,E111,N7,Exp,M,"11,07",L,,,5-Jun-23,26-Jun-23,10-Aug-23,230006172,C57BL/6J CU,230007863,N6,37197,,,,7-Aug-23,11-Jul-23,10-Aug-23,
Exp 57,230026206,D27,DBA/2J AZM,Exp,M,"9,38",Both,,,4-Jun-23,26-Jun-23,10-Aug-23,230008660,DBA/2J AZM,230008666,DBA/2J AZM,37216,,,,7-Aug-23,11-Jul-23,10-Aug-23,
Exp 58,230026186,E112,N7,Exp,M,"12,3",L,,,5-Jun-23,26-Jun-23,10-Aug-23,230006172,C57BL/6J CU,230007863,N6,37197,,,,7-Aug-23,13-Jul-23,10-Aug-23,
Exp 58,230026172,B41,C57BL/6J CU,Exp,M,"7,95",Both,,,5-Jun-23,26-Jun-23,10-Aug-23,230002770,C57BL/6J CU,230002773,C57BL/6J CU,37040,,,,7-Aug-23,13-Jul-23,10-Aug-23,
Exp 59,230028513,E113,N7,Exp,M,"10,15",L,,,20-Jun-23,12-Jul-23,28-Aug-23,230017805,N6,230016733,C57BL/6J CU,37552,,,,23-Aug-23,17-Jul-23,26-Aug-23,28-Aug-23
Exp 59,230028509,C33,CBA/J BIT,Exp,M,"12,00",Both,,,20-Jun-23,12-Jul-23,28-Aug-23,230017800,CBA/J BIT,230017802,CBA/J BIT,37556,,,L edge,23-Aug-23,17-Jul-23,26-Aug-23,28-Aug-23
Exp 60,230028514,E116,N7,Exp,F,"9,6",L,,,20-Jun-23,12-Jul-23,28-Aug-23,230017805,N6,230016733,C57BL/6J CU,37552,,,punched twice at the same spot to get tissue,23-Aug-23,31-Jul-23,26-Aug-23,28-Aug-23
Exp 60,230028510,C34,CBA/J BIT,Exp,F,"11,2",Both,,,20-Jun-23,12-Jul-23,28-Aug-23,230017800,CBA/J BIT,230017802,CBA/J BIT,37556,,,both attached,23-Aug-23,31-Jul-23,26-Aug-23,28-Aug-23
Exp 65,230029112,E138,N7,Exp,M,"9,22",L,,,24-Jun-23,17-Jul-23,31-Aug-23,230007860,N6,230006174,C57BL/6J CU,37196,,,,28-Aug-23,1-Aug-23,31-Aug-23,
Exp 65,230029115,C37,CBA/J BIT,Exp,M,"9,00",Both,,,27-Jun-23,17-Jul-23,31-Aug-23,230009360,CBA/J BIT,230009362,CBA/J BIT,37240,,,,28-Aug-23,1-Aug-23,31-Aug-23,
Exp 66,230029114,E140,N7,Exp,F,"11,74",L,,,24-Jun-23,17-Jul-23,31-Aug-23,230007860,N6,230006174,C57BL/6J CU,37196,,,,28-Aug-23,2-Aug-23,31-Aug-23,
Exp 66,230029116,C38,CBA/J BIT,Exp,F,"9,86",Both,,,27-Jun-23,17-Jul-23,31-Aug-23,230009360,CBA/J BIT,230009362,CBA/J BIT,37240,,,,28-Aug-23,2-Aug-23,31-Aug-23,
Exp 68,230029635,E142,N8,Exp,M,"8,09",L,,,29-Jun-23,20-Jul-23,4-Sep-23,230017821,N7,230019404,C57BL/6J CU,37587,,,,31-Aug-23,7-Aug-23,3-Sep-23,4-Sep-23
Exp 68,230029625,D39,DBA/2J AZM,Exp,M,"7,65",Both,,,25-Jun-23,20-Jul-23,4-Sep-23,230008660,DBA/2J AZM,230008666,DBA/2J AZM,37216,,,,31-Aug-23,7-Aug-23,3-Sep-23,4-Sep-23
Exp 69,230029636,E147,N8,Exp,F,"7,03",L,,,29-Jun-23,20-Jul-23,4-Sep-23,230017821,N7,230019404,C57BL/6J CU,37587,,,,31-Aug-23,21-Aug-23,3-Sep-23,4-Sep-23
Exp 69,230029626,D40,DBA/2J AZM,Exp,F,"7,36",Both,,,25-Jun-23,20-Jul-23,4-Sep-23,230008660,DBA/2J AZM,230008666,DBA/2J AZM,37216,,,,31-Aug-23,21-Aug-23,3-Sep-23,4-Sep-23
Exp 70,230029637,E148,N8,Exp,F,"7,77",L,,,29-Jun-23,20-Jul-23,8-Sep-23,230017821,N7,230019404,C57BL/6J CU,37587,,,,31-Aug-23,22-Aug-23,3-Sep-23,8-Sep-23
Exp 70,230029627,D41,DBA/2J AZM,Exp,F,"7,35",Both,,,25-Jun-23,20-Jul-23,8-Sep-23,230008660,DBA/2J AZM,230008666,DBA/2J AZM,37216,,,,31-Aug-23,22-Aug-23,3-Sep-23,8-Sep-23
Exp 71,230029805,E149,N7,Exp,M,"6,83",L,,,30-Jun-23,21-Jul-23,8-Sep-23,230017806,N6,230019405,C57BL/6J CU,37588,,,,1-Sep-23,24-Aug-23,4-Sep-23,8-Sep-23
Exp 71,230029799,B66,C57BL/6J CU,Exp,M,"7,15",Both,,,29-Jun-23,21-Jul-23,8-Sep-23,230006173,C57BL/6J CU,230015267,C57BL/6J CU,37484,,,,1-Sep-23,24-Aug-23,4-Sep-23,8-Sep-23
Exp 72,230029808,E152,N7,Exp,F,"7,35",L,,,30-Jun-23,21-Jul-23,8-Sep-23,230017806,N6,230019405,C57BL/6J CU,37588,,,,1-Sep-23,25-Aug-23,4-Sep-23,8-Sep-23
Exp 72,230029801,B68,C57BL/6J CU,Exp,F,"6,74",Both,,,29-Jun-23,21-Jul-23,8-Sep-23,230006173,C57BL/6J CU,230015267,C57BL/6J CU,37484,,,,1-Sep-23,25-Aug-23,4-Sep-23,8-Sep-23
Exp 73,230029809,E153,N7,Exp,F,"7,53",L,,,30-Jun-23,21-Jul-23,8-Sep-23,230017806,N6,230019405,C57BL/6J CU,37588,,,,1-Sep-23,26-Aug-23,4-Sep-23,8-Sep-23
Exp 73,230029802,B69,C57BL/6J CU,Exp,F,"6,6",Both,,,29-Jun-23,21-Jul-23,8-Sep-23,230006173,C57BL/6J CU,230015267,C57BL/6J CU,37484,,,,1-Sep-23,26-Aug-23,4-Sep-23,8-Sep-23
Exp 74,230029810,E154,N7,Exp,F,"7,8",L,,,30-Jun-23,21-Jul-23,8-Sep-23,230017806,N6,230019405,C57BL/6J CU,37588,,,,1-Sep-23,27-Aug-23,4-Sep-23,8-Sep-23
Exp 74,230029803,B70,C57BL/6J CU,Exp,F,"6,99",Both,,,29-Jun-23,21-Jul-23,8-Sep-23,230006173,C57BL/6J CU,230015267,C57BL/6J CU,37484,,,,1-Sep-23,27-Aug-23,4-Sep-23,8-Sep-23
Exp76,230031810,E167,N6,Exp,M,"5,83",R,,,14-Jul-23,4-Aug-23,20th september,220054419,N5,230002772,C57BL/6J CU,37039,,,,15-Sep-23,28-Aug-23,18-Sep-23,20-Sep-23
Exp76,230031805,C42,CBA/J BIT,Exp,M,"13,5",Both,,,13-Jul-23,4-Aug-23,20th september,230017799,CBA/J BIT,230017801,CBA/J BIT,37555,,,,15-Sep-23,28-Aug-23,18-Sep-23,20-Sep-23
Exp77,230031811,E168,N6,Exp,F,"5,7",L,,,14-Jul-23,4-Aug-23,20th september,220054419,N5,230002772,C57BL/6J CU,37039,,,,15-Sep-23,29-Aug-23,18-Sep-23,20-Sep-23
Exp77,230031809,C46,CBA/J BIT,Exp,F,"10,53",Both,,,13-Jul-23,4-Aug-23,20th september,230017799,CBA/J BIT,230017801,CBA/J BIT,37555,,,,15-Sep-23,29-Aug-23,18-Sep-23,20-Sep-23
Exp78,230031812,E169,N6,Exp,F,"6,93",L,,,14-Jul-23,4-Aug-23,20th september,220054419,N5,230002772,C57BL/6J CU,37039,,,,15-Sep-23,30-Aug-23,18-Sep-23,20-Sep-23
Exp78,230031800,C49,CBA/J BIT,Exp,F,"11,59",Both,,,12-Jul-23,4-Aug-23,20th september,230017800,CBA/J BIT,230017802,CBA/J BIT,37556,,,,15-Sep-23,,18-Sep-23,20-Sep-23
Exp79,230031813,E170,N6,Exp,F,"5,83",L,,,14-Jul-23,4-Aug-23,20th september,220054419,N5,230002772,C57BL/6J CU,37039,,,,15-Sep-23,31-Aug-23,18-Sep-23,20-Sep-23
Exp79,230031801,C50,CBA/J BIT,Exp,F,"11,58",Both,,,12-Jul-23,4-Aug-23,20th september,230017800,CBA/J BIT,230017802,CBA/J BIT,37556,,,,15-Sep-23,,18-Sep-23,20-Sep-23
Exp80,230032808,E879,N7,Exp,M,"11,76",L,,,16-Jul-23,9-Aug-23,26th septmeber 2023,230007860,N6,230006174,C57BL/6J CU,37196,,,,20-Sep-23,1-Sep-23,23-Sep-23,22-Sep-23
Exp80,230032830,B319,C57BL/6J CU,Exp,M,"7,1",Both,,,19-Jul-23,9-Aug-23,26th septmeber 2023,230002770,C57BL/6J CU,230002773,C57BL/6J CU,37040,,,,20-Sep-23,,23-Sep-23,22-Sep-23
Exp81,230032809,E880,N7,Exp,M,"10,12",L,,,16-Jul-23,9-Aug-23,26th septmeber 2023,230007860,N6,230006174,C57BL/6J CU,37196,,,,20-Sep-23,12-Sep-23,23-Sep-23,22-Sep-23
Exp81,230032831,B72,C57BL/6J CU,Exp,M,"8,68",Both,,,19-Jul-23,9-Aug-23,26th septmeber 2023,230002770,C57BL/6J CU,230002773,C57BL/6J CU,37040,,,,20-Sep-23,12-Sep-23,23-Sep-23,22-Sep-23
Exp82,230032810,E881,N7,Exp,M,"11,55",L,,,16-Jul-23,9-Aug-23,26th septmeber 2023,230007860,N6,230006174,C57BL/6J CU,37196,,,,20-Sep-23,15-Sep-23,23-Sep-23,22-Sep-23
Exp82,230032832,B73,C57BL/6J CU,Exp,M,"8,00",Both,,,19-Jul-23,9-Aug-23,26th septmeber 2023,230002770,C57BL/6J CU,230002773,C57BL/6J CU,37040,,,,20-Sep-23,15-Sep-23,23-Sep-23,22-Sep-23
Exp83,230032811,E171,N7,Exp,M,"11,4",L,,,16-Jul-23,9-Aug-23,26th septmeber 2023,230007860,N6,230006174,C57BL/6J CU,37196,,,,20-Sep-23,16-Sep-23,23-Sep-23,26-Sep-23
Exp83,230032821,B77,C57BL/6J CU,Exp,M,"7,83",Both,,,18-Jul-23,9-Aug-23,26th septmeber 2023,230026187,C57BL/6J CU,230015268,C57BL/6J CU,37801,,,,20-Sep-23,16-Sep-23,23-Sep-23,26-Sep-23
Exp84,230032812,E172,N7,Exp,F,"11,56",L,,,16-Jul-23,9-Aug-23,26th septmeber 2023,230007860,N6,230006174,C57BL/6J CU,37196,,,,20-Sep-23,17-Sep-23,23-Sep-23,26-Sep-23
Exp84,230032835,B76,C57BL/6J CU,Exp,F,"7,22",Both,,,19-Jul-23,9-Aug-23,26th septmeber 2023,230002770,C57BL/6J CU,230002773,C57BL/6J CU,37040,,,,20-Sep-23,17-Sep-23,23-Sep-23,26-Sep-23
Exp85,230032813,E173,N7,Exp,F,"8,74",L,,,16-Jul-23,9-Aug-23,26th septmeber 2023,230007860,N6,230006174,C57BL/6J CU,37196,,,,20-Sep-23,18-Sep-23,23-Sep-23,26-Sep-23
Exp85,230032825,B81,C57BL/6J CU,Exp,F,"7,82",Both,,,18-Jul-23,9-Aug-23,26th septmeber 2023,230026187,C57BL/6J CU,230015268,C57BL/6J CU,37801,,,,20-Sep-23,18-Sep-23,23-Sep-23,26-Sep-23
Exp86,230032839,E174,N7,Exp,M,"6,63",L,,,19-Jul-23,9-Aug-23,26th septmeber 2023,230006172,C57BL/6J CU,230007863,N6,37197,,,,20-Sep-23,19-Sep-23,23-Sep-23,26-Sep-23
Exp86,230032822,B78,C57BL/6J CU,Exp,M,"7,53",Both,,,18-Jul-23,9-Aug-23,26th septmeber 2023,230026187,C57BL/6J CU,230015268,C57BL/6J CU,37801,,,,20-Sep-23,19-Sep-23,23-Sep-23,26-Sep-23
Exp87,230032840,E175,N7,Exp,M,"6,26",L,,,19-Jul-23,9-Aug-23,26th septmeber 2023,230006172,C57BL/6J CU,230007863,N6,37197,,,,20-Sep-23,19-Sep-23,23-Sep-23,26-Sep-23
Exp87,230032823,B79,C57BL/6J CU,Exp,M,"6,66",Both,,,18-Jul-23,9-Aug-23,26th septmeber 2023,230026187,C57BL/6J CU,230015268,C57BL/6J CU,37801,,,,20-Sep-23,19-Sep-23,23-Sep-23,26-Sep-23
Exp88,230032814,E184,N8,Exp,M,"8,36",L,,,15-Jul-23,9-Aug-23,26th septmeber 2023,230002769,C57BL/6J CU,230017826,N7,37570,,,,20-Sep-23,20-Sep-23,23-Sep-23,26-Sep-23
Exp88,230032824,B80,C57BL/6J CU,Exp,M,"7,41",Both,,,18-Jul-23,9-Aug-23,26th septmeber 2023,230026187,C57BL/6J CU,230015268,C57BL/6J CU,37801,,,,20-Sep-23,20-Sep-23,23-Sep-23,26-Sep-23
Exp89,230032815,E185,N8,Exp,F,"8,79",L,,,15-Jul-23,9-Aug-23,26th septmeber 2023,230002769,C57BL/6J CU,230017826,N7,37570,,,,20-Sep-23,20-Sep-23,23-Sep-23,26-Sep-23
Exp89,230032826,B82,C57BL/6J CU,Exp,F,"7,62",Both,,,18-Jul-23,9-Aug-23,26th septmeber 2023,230026187,C57BL/6J CU,230015268,C57BL/6J CU,37801,,,,20-Sep-23,20-Sep-23,23-Sep-23,26-Sep-23
Exp90,230032816,E186,N8,Exp,F,"8,09",L,,,15-Jul-23,9-Aug-23,4-Oct-23,230002769,C57BL/6J CU,230017826,N7,37570,,,,20-Sep-23,21-Sep-23,23-Sep-23,29-Sep-23
Exp90,230032827,B83,C57BL/6J CU,Exp,F,"7,33",Both,,,18-Jul-23,9-Aug-23,4-Oct-23,230026187,C57BL/6J CU,230015268,C57BL/6J CU,37801,,,,20-Sep-23,21-Sep-23,23-Sep-23,29-Sep-23
Exp91,230033497,E191,N7,Exp,M,"5,85",L,,,25-Jul-23,17-Aug-23,4-Oct-23,230017814,N6,230020410,C57BL/6J CU,37616,,,,28-Sep-23,21-Sep-23,1-Oct-23,29-Sep-23
Exp91,230033505,D44,DBA/2J AZM,Exp,M,"8,88",Both,,,26-Jul-23,17-Aug-23,4-Oct-23,230023912,DBA/2J AZM,230022677,DBA/2J AZM,37747,,,,28-Sep-23,21-Sep-23,1-Oct-23,29-Sep-23
Exp92,230033498,E192,N7,Exp,M,"6,32",L,,,25-Jul-23,17-Aug-23,4-Oct-23,230017814,N6,230020410,C57BL/6J CU,37616,,,,28-Sep-23,22-Sep-23,1-Oct-23,29-Sep-23
Exp92,230033506,D45,DBA/2J AZM,Exp,M,"9,05",Both,,,26-Jul-23,17-Aug-23,4-Oct-23,230023912,DBA/2J AZM,230022677,DBA/2J AZM,37747,,,,28-Sep-23,22-Sep-23,1-Oct-23,29-Sep-23
Exp93,230033499,E193,N7,Exp,F,"6,19",L,,,25-Jul-23,17-Aug-23,4-Oct-23,230017814,N6,230020410,C57BL/6J CU,37616,,,,28-Sep-23,22-Sep-23,1-Oct-23,29-Sep-23
Exp93,230033507,D46,DBA/2J AZM,Exp,F,"9,12",Both,,,26-Jul-23,17-Aug-23,4-Oct-23,230023912,DBA/2J AZM,230022677,DBA/2J AZM,37747,,,,28-Sep-23,22-Sep-23,1-Oct-23,29-Sep-23
Exp94,230033500,E194,N7,Exp,F,"8,95",L,,,25-Jul-23,21-Aug-23,4-Oct-23,230017814,N6,230020410,C57BL/6J CU,37616,,,,2-Oct-23,23-Sep-23,5-Oct-23,29-Sep-23
Exp94,230033986,D54,DBA/2J AZM,Exp,F,"10,8",Both,,,30-Jul-23,21-Aug-23,4-Oct-23,230008659,DBA/2J AZM,230008665,DBA/2J AZM,37215,,,,2-Oct-23,23-Sep-23,5-Oct-23,29-Sep-23
Exp96,230033502,E196,N7,Exp,F,"8,81",L,,,25-Jul-23,21-Aug-23,4-Oct-23,230017814,N6,230020410,C57BL/6J CU,37616,,,,2-Oct-23,23-Sep-23,5-Oct-23,29-Sep-23
Exp96,230033988,D56,DBA/2J AZM,Exp,F,"6,67",Both,,,30-Jul-23,21-Aug-23,4-Oct-23,230008659,DBA/2J AZM,230008665,DBA/2J AZM,37215,,,,2-Oct-23,23-Sep-23,5-Oct-23,29-Sep-23
Exp97,230034944,E199,N6,Exp,M,"10,76",L,,,6-Aug-23,29-Aug-23,6-Oct-23,220054419,N5,230002772,C57BL/6J CU,37039,,,,10-Oct-23,24-Sep-23,13-Oct-23,6-Oct-23
Exp97,230034957,B86,C57BL/6J CU,Exp,M,"6,81",Both,,,8-Aug-23,29-Aug-23,6-Oct-23,230006173,C57BL/6J CU,230015267,C57BL/6J CU,37484,,,,10-Oct-23,24-Sep-23,13-Oct-23,6-Oct-23
Exp98,230034945,E200,N6,Exp,M,"9,49",L,,,6-Aug-23,29-Aug-23,6-Oct-23,220054419,N5,230002772,C57BL/6J CU,37039,,,,10-Oct-23,24-Sep-23,13-Oct-23,6-Oct-23
Exp98,230034958,B87,C57BL/6J CU,Exp,M,"6,96",Both,,,8-Aug-23,29-Aug-23,6-Oct-23,230006173,C57BL/6J CU,230015267,C57BL/6J CU,37484,,,,10-Oct-23,24-Sep-23,13-Oct-23,6-Oct-23
Exp99,230034949,E204,N7,Exp,M,"9,5",L,,,4-Aug-23,29-Aug-23,6-Oct-23,230017805,N6,230016733,C57BL/6J CU,37552,,,,10-Oct-23,25-Sep-23,13-Oct-23,6-Oct-23
Exp99,230034959,B88,C57BL/6J CU,Exp,M,"7,14",Both,,,8-Aug-23,29-Aug-23,6-Oct-23,230006173,C57BL/6J CU,230015267,C57BL/6J CU,37484,,,,10-Oct-23,25-Sep-23,13-Oct-23,6-Oct-23
Exp100,230034950,E205,N7,Exp,M,"11,21",L,,,4-Aug-23,29-Aug-23,6-Oct-23,230017805,N6,230016733,C57BL/6J CU,37552,,,,10-Oct-23,25-Sep-23,13-Oct-23,6-Oct-23
Exp100,230034960,B89,C57BL/6J CU,Exp,M,"7,14",Both,,,8-Aug-23,29-Aug-23,6-Oct-23,230006173,C57BL/6J CU,230015267,C57BL/6J CU,37484,,,,10-Oct-23,25-Sep-23,13-Oct-23,6-Oct-23
Exp101,230034952,E207,N7,Exp,F,"10,99",L,,,4-Aug-23,29-Aug-23,6-Oct-23,230017805,N6,230016733,C57BL/6J CU,37552,,,,10-Oct-23,26-Sep-23,13-Oct-23,6-Oct-23
Exp101,230034962,B91,C57BL/6J CU,Exp,F,"6,38",Both,,,8-Aug-23,29-Aug-23,6-Oct-23,230006173,C57BL/6J CU,230015267,C57BL/6J CU,37484,,,,10-Oct-23,26-Sep-23,13-Oct-23,6-Oct-23
Exp102,230034953,E208,N7,Exp,F,"10,13",L,,,4-Aug-23,29-Aug-23,6-Oct-23,230017805,N6,230016733,C57BL/6J CU,37552,,,,10-Oct-23,26-Sep-23,13-Oct-23,6-Oct-23
Exp102,230034963,B92,C57BL/6J CU,Exp,F,"6,19",Both,,,8-Aug-23,29-Aug-23,6-Oct-23,230006173,C57BL/6J CU,230015267,C57BL/6J CU,37484,,,,10-Oct-23,26-Sep-23,13-Oct-23,6-Oct-23
Exp103,230034954,E209,N7,Exp,F,"10,75",L,,,4-Aug-23,29-Aug-23,6-Oct-23,230017805,N6,230016733,C57BL/6J CU,37552,,,,10-Oct-23,29-Sep-23,13-Oct-23,6-Oct-23
Exp103,230034964,B93,C57BL/6J CU,Exp,F,"6,52",Both,,,8-Aug-23,29-Aug-23,6-Oct-23,230006173,C57BL/6J CU,230015267,C57BL/6J CU,37484,,,,10-Oct-23,29-Sep-23,13-Oct-23,6-Oct-23
Exp104,230034955,E210,N7,Exp,F,"10,05",L,,,4-Aug-23,29-Aug-23,6-Oct-23,230017805,N6,230016733,C57BL/6J CU,37552,,,,10-Oct-23,29-Sep-23,13-Oct-23,6-Oct-23
Exp104,230034965,B94,C57BL/6J CU,Exp,F,"6,54",Both,,,8-Aug-23,29-Aug-23,6-Oct-23,230006173,C57BL/6J CU,230015267,C57BL/6J CU,37484,,,,10-Oct-23,29-Sep-23,13-Oct-23,6-Oct-23
Exp105,230034956,E211,N7,Exp,F,"10,51",L,,,4-Aug-23,29-Aug-23,6-Oct-23,230017805,N6,230016733,C57BL/6J CU,37552,,,,10-Oct-23,30-Sep-23,13-Oct-23,6-Oct-23
Exp105,230034966,B95,C57BL/6J CU,Exp,F,"6,74",Both,,,8-Aug-23,29-Aug-23,6-Oct-23,230006173,C57BL/6J CU,230015267,C57BL/6J CU,37484,,,,10-Oct-23,30-Sep-23,13-Oct-23,6-Oct-23
Exp106,230036014,E214,N8,Exp,M,"8,27",R,,,13-Aug-23,3-Sep-23,25-Oct-23,230017821,N7,230019404,C57BL/6J CU,37587,,,,,30-Sep-23,18-Oct-23,23-Oct-23
Exp106,230036028,D57,DBA/2J AZM,Exp,M,"10,6",Both,,,13-Aug-23,3-Sep-23,25-Oct-23,230008660,DBA/2J AZM,230008666,DBA/2J AZM,37216,,,,,30-Sep-23,18-Oct-23,23-Oct-23
Exp108,230036016,E216,N8,Exp,M,"8,73",L,,,13-Aug-23,3-Sep-23,25-Oct-23,230017821,N7,230019404,C57BL/6J CU,37587,,,,,1-Oct-23,18-Oct-23,23-Oct-23
Exp108,230036005,B96,C57BL/6J CU,Exp,M,"9,32",Both,,,13-Aug-23,3-Sep-23,25-Oct-23,230026179,C57BL/6J CU,230026190,C57BL/6J CU,37899,,,,,1-Oct-23,18-Oct-23,23-Oct-23
Exp109,230036019,E219,N8,Exp,F,"7,36",L,,,13-Aug-23,3-Sep-23,25-Oct-23,230017821,N7,230019404,C57BL/6J CU,37587,,,,,1-Oct-23,18-Oct-23,23-Oct-23
Exp109,230036001,C54,CBA/J BIT,Exp,F,"9,27",Both,,,14-Aug-23,3-Sep-23,25-Oct-23,230009360,CBA/J BIT,230009362,CBA/J BIT,37240,,,,,1-Oct-23,18-Oct-23,23-Oct-23
Exp110,230036020,E220,N8,Exp,F,"6,96",L,,,13-Aug-23,3-Sep-23,25-Oct-23,230017821,N7,230019404,C57BL/6J CU,37587,,,,,2-Oct-23,18-Oct-23,23-Oct-23
Exp110,230036037,M60,MRL/MpJ CSY,Exp,F,"10,74",Both,,,14-Aug-23,3-Sep-23,25-Oct-23,230009428,MRL/MpJ CSY,230009431,MRL/MpJ CSY,37270,,,,,2-Oct-23,18-Oct-23,23-Oct-23
Exp111,230040018,E227,N7,Exp,M,"14,55",R,,,3-Sep-23,30-Sep-23,21-Nov-23,230007860,N6,230006174,C57BL/6J CU,37196,,,,11-Nov-23,2-Oct-23,14-Nov-23,21-Nov-23
Exp111,230040037,D58,DBA/2J AZM,Exp,M,"11,41",Both,,,6-Sep-23,30-Sep-23,21-Nov-23,230008659,DBA/2J AZM,230008665,DBA/2J AZM,37215,,,,11-Nov-23,2-Oct-23,14-Nov-23,21-Nov-23
Exp113,230040020,E229,N7,Exp,F,"13,25",L,,,3-Sep-23,30-Sep-23,21-Nov-23,230007860,N6,230006174,C57BL/6J CU,37196,,,,11-Nov-23,,14-Nov-23,21-Nov-23
Exp113,230040039,D60,DBA/2J AZM,Exp,F,"10,56",Both,,,6-Sep-23,30-Sep-23,21-Nov-23,230008659,DBA/2J AZM,230008665,DBA/2J AZM,37215,,,,11-Nov-23,,14-Nov-23,21-Nov-23
Exp114,230040021,E230,N7,Exp,F,"14,2",L,,,3-Sep-23,30-Sep-23,21-Nov-23,230007860,N6,230006174,C57BL/6J CU,37196,,,,11-Nov-23,,14-Nov-23,21-Nov-23
Exp114,230040050,C59,CBA/J BIT,Exp,F,"11,03",Both,,,9-Sep-23,30-Sep-23,21-Nov-23,230023166,CBA/J BIT,230023167,CBA/J BIT,37746,,,,11-Nov-23,,14-Nov-23,21-Nov-23
Exp115,230040022,E231,N7,Exp,F,"14,96",L,,,3-Sep-23,30-Sep-23,21-Nov-23,230007860,N6,230006174,C57BL/6J CU,37196,,,,11-Nov-23,,14-Nov-23,21-Nov-23
Exp115,230040051,C60,CBA/J BIT,Exp,F,"11,61",Both,,,9-Sep-23,30-Sep-23,21-Nov-23,230023166,CBA/J BIT,230023167,CBA/J BIT,37746,,,,11-Nov-23,,14-Nov-23,21-Nov-23
Exp116,230047504,E265,N7,Exp,M,"12,06",L,,,19-Oct-23,13-Nov-23,3-Jan-24,230017806,N6,230028831,WT,37588,,,,25-Dec-23,,28-Dec-23,3-Jan-24
Exp116,230047488,B119,C57BL/6J CU,Exp,M,"7,75",Both,,,23-Oct-23,13-Nov-23,3-Jan-24,230026187,C57BL/6J CU,230015268,C57BL/6J CU,37801,,,,25-Dec-23,,28-Dec-23,3-Jan-24
Exp117,230047505,E266,N7,Exp,M,"11,9",L,,,19-Oct-23,13-Nov-23,3-Jan-24,230017806,N6,230028831,WT,37588,,,,25-Dec-23,14-Nov-23,28-Dec-23,3-Jan-24
Exp117,230047513,D71,DBA/2J AZM,Exp,M,"10,3",Both,,,23-Oct-23,13-Nov-23,3-Jan-24,230033982,DBA/2J AZM,230033508,DBA/2J AZM,38171,,,,25-Dec-23,14-Nov-23,28-Dec-23,3-Jan-24
Exp118,230047506,E267,N7,Exp,M,"11,6",L,,,19-Oct-23,13-Nov-23,3-Jan-24,230017806,N6,230028831,WT,37588,,,,25-Dec-23,15-Nov-23,28-Dec-23,3-Jan-24
Exp118,230047487,B118,C57BL/6J CU,Exp,M,"9,05",Both,,,23-Oct-23,13-Nov-23,3-Jan-24,230026187,C57BL/6J CU,230015268,C57BL/6J CU,37801,,,,25-Dec-23,15-Nov-23,28-Dec-23,3-Jan-24
Exp119,230047507,E268,N7,Exp,F,"11,6",L,,,19-Oct-23,13-Nov-23,3-Jan-24,230017806,N6,230028831,WT,37588,,,,25-Dec-23,15-Nov-23,28-Dec-23,3-Jan-24
Exp119,230047496,D62,DBA/2J AZM,Exp,F,"10,6",Both,,,19-Oct-23,13-Nov-23,3-Jan-24,230023912,DBA/2J AZM,230022677,DBA/2J AZM,37747,,,,25-Dec-23,15-Nov-23,28-Dec-23,3-Jan-24
Exp120,230047508,E269,N7,Exp,F,"10,8",L,,,19-Oct-23,13-Nov-23,3-Jan-24,230017806,N6,230028831,WT,37588,,,,25-Dec-23,16-Nov-23,28-Dec-23,3-Jan-24
Exp120,230047497,D63,DBA/2J AZM,Exp,F,"10,2",Both,,,19-Oct-23,13-Nov-23,3-Jan-24,230023912,DBA/2J AZM,230022677,DBA/2J AZM,37747,,,,25-Dec-23,16-Nov-23,28-Dec-23,3-Jan-24
Exp121,230047509,E270,N7,Exp,F,"12,08",L,,,19-Oct-23,13-Nov-23,3-Jan-24,230017806,N6,230028831,WT,37588,,,,25-Dec-23,No VR,28-Dec-23,3-Jan-24
Exp121,230047514,D72,DBA/2J AZM,Exp,F,"8,27",Both,,,23-Oct-23,13-Nov-23,3-Jan-24,230033982,DBA/2J AZM,230033508,DBA/2J AZM,38171,,,,25-Dec-23,No VR,28-Dec-23,3-Jan-24
Exp122,230047510,E271,N7,Exp,F,"10,92",L,,,19-Oct-23,13-Nov-23,4-Jan-24,230017806,N6,230028831,WT,37588,,,,25-Dec-23,No VR,28-Dec-23,4-Jan-24
Exp122,230047515,D73,DBA/2J AZM,Exp,F,"9,87",Both,,,23-Oct-23,13-Nov-23,4-Jan-24,230033982,DBA/2J AZM,230033508,DBA/2J AZM,38171,,,,25-Dec-23,No VR,28-Dec-23,4-Jan-24
Exp123,230047511,E272,N7,Exp,F,"11,5",L,,,19-Oct-23,13-Nov-23,4-Jan-24,230017806,N6,230028831,WT,37588,,,,25-Dec-23,No VR,28-Dec-23,4-Jan-24
Exp123,230047493,B124,C57BL/6J CU,Exp,F,"9,00",Both,,,23-Oct-23,13-Nov-23,4-Jan-24,230026187,C57BL/6J CU,230015268,C57BL/6J CU,37801,,,,25-Dec-23,No VR,28-Dec-23,4-Jan-24
Exp124,230047512,E273,N7,Exp,F,"10,38",L,,,19-Oct-23,13-Nov-23,4-Jan-24,230017806,N6,230028831,WT,37588,,,,25-Dec-23,No VR,28-Dec-23,4-Jan-24
Exp124,230047494,B125,C57BL/6J CU,Exp,F,"8,2",Both,,,23-Oct-23,13-Nov-23,4-Jan-24,230026187,C57BL/6J CU,230015268,C57BL/6J CU,37801,,,,25-Dec-23,No VR,28-Dec-23,4-Jan-24
Exp126,230048437,E275,N9,Exp,M,"7,63",L,,,23-Oct-23,16-Nov-23,4-Jan-24,230026174,C57BL/6J CU,230028832,N8,37972,,,IBA ocular problems,28-Dec-23,No VR,31-Dec-23,4-Jan-24
Exp126,230048445,D75,DBA/2J AZM,Exp,M,"10,7",Both,,,26-Oct-23,16-Nov-23,4-Jan-24,230023913,DBA/2J AZM,230022678,DBA/2J AZM,37748,,,,28-Dec-23,No VR,31-Dec-23,4-Jan-24
Exp127,230048442,E280,N9,Exp,F,"7,22",L,,,23-Oct-23,16-Nov-23,4-Jan-24,230026174,C57BL/6J CU,230028832,N8,37972,,,,28-Dec-23,No VR,31-Dec-23,4-Jan-24
Exp127,230048446,D76,DBA/2J AZM,Exp,F,"8,56",Both,,,26-Oct-23,16-Nov-23,4-Jan-24,230023913,DBA/2J AZM,230022678,DBA/2J AZM,37748,,,,28-Dec-23,No VR,31-Dec-23,4-Jan-24
Exp128,230048443,E281,N9,Exp,F,"8,8",L,,,23-Oct-23,16-Nov-23,4-Jan-24,230026174,C57BL/6J CU,230028832,N8,37972,,,,28-Dec-23,No VR,31-Dec-23,4-Jan-24
Exp128,230048447,D77,DBA/2J AZM,Exp,F,"9,94",Both,,,26-Oct-23,16-Nov-23,4-Jan-24,230023913,DBA/2J AZM,230022678,DBA/2J AZM,37748,,,,28-Dec-23,No VR,31-Dec-23,4-Jan-24
Exp 131,230049634,E282,N7,Exp,M,"11,15",L,,,30-Oct-23,24-Nov-23,8-Jan-24,230006172,C57BL/6J CU,230007863,N6,37197,,,,5-Jan-24,No VR,8-Jan-24,8-Jan-24
Exp131,230049636,C63,CBA/J BIT,Exp,M,"7,9",Both,,,6-Nov-23,24-Nov-23,8-Jan-24,230031806,CBA/J BIT,230031802,CBA/J BIT,38064,,,,5-Jan-24,No VR,8-Jan-24,8-Jan-24
Exp132,230049635,E283,N7,Exp,M,"12,6",L,,,30-Oct-23,24-Nov-23,8-Jan-24,230006172,C57BL/6J CU,230007863,N6,37197,,,,5-Jan-24,No VR,8-Jan-24,8-Jan-24
Exp132,230049637,C64,CBA/J BIT,Exp,M,"6,5",Both,,,6-Nov-23,24-Nov-23,8-Jan-24,230031806,CBA/J BIT,230031802,CBA/J BIT,38064,,,,5-Jan-24,No VR,8-Jan-24,8-Jan-24
Exp133,230048920,E287,N8,Exp,F,"13,87",L,,,26-Oct-23,24-Nov-23,8-Jan-24,230032834,C57BL/6J CU,230032845,N7,38087,,,,5-Jan-24,No VR,8-Jan-24,8-Jan-24
Exp133,230050602,C65,CBA/J BIT,Exp,F,"7,95",Both,,,6-Nov-23,24-Nov-23,8-Jan-24,230031806,CBA/J BIT,230031802,CBA/J BIT,38064,,,,5-Jan-24,No VR,8-Jan-24,8-Jan-24
Exp135,230050181,E293,N7,Exp,M,"6,5",L,,,7-Nov-23,28-Nov-23,12-Jan-24,230017814,C57BL/6J CU,230020410,N6,37616,,,,9-Jan-24,No VR,12-Jan-24,12-Jan-24
Exp135,230050190,M67,MRL/MpJ CSY,Exp,M,"11,98",Both,,,7-Nov-23,28-Nov-23,12-Jan-24,230036035,MRL/MpJ CSY,230036039/230036042,MRL/MpJ CSY,38351,,,,9-Jan-24,No VR,12-Jan-24,12-Jan-24
Exp136,230050182,E294,N7,Exp,M,"6,1",L,,,7-Nov-23,28-Nov-23,12-Jan-24,230017814,C57BL/6J CU,230020410,N6,37616,,,,9-Jan-24,No VR,12-Jan-24,12-Jan-24
Exp136,230050191,M68,MRL/MpJ CSY,Exp,M,"12,34",Both,,,7-Nov-23,28-Nov-23,12-Jan-24,230036035,MRL/MpJ CSY,230036039/230036042,MRL/MpJ CSY,38351,,,,9-Jan-24,No VR,12-Jan-24,12-Jan-24
Exp137,230050823,E302,N9,Exp,M,"7,45",L,,,9-Nov-23,30-Nov-23,15-Jan-24,230036013,N8,230036024,C57BL/6J CU,38377,,,,11-Jan-24,No VR,14-Jan-24,15-Jan-24
Exp137,230050810,M81,MRL/MpJ CSY,Exp,M,"19,38",Both,,,8-Nov-23,30-Nov-23,15-Jan-24,230036036,MRL/MpJ CSY,230036040/230036041,MRL/MpJ CSY,38350,,,,11-Jan-24,No VR,14-Jan-24,15-Jan-24
Exp139,230050825,E304,N9,Exp,M,"7,81",L,,,9-Nov-23,30-Nov-23,15-Jan-24,230036013,N8,230036024,C57BL/6J CU,38377,,,,11-Jan-24,No VR,14-Jan-24,15-Jan-24
Exp139,230050815,B131,C57BL/6J CU,Exp,M,"11,45",Both,,,8-Nov-23,30-Nov-23,15-Jan-24,230036022,C57BL/6J CU,230036025,C57BL/6J CU,38356,,,,11-Jan-24,No VR,14-Jan-24,15-Jan-24
Exp140,230050826,E305,N9,Exp,M,"8,75",L,,,9-Nov-23,30-Nov-23,15-Jan-24,230036013,N8,230036024,C57BL/6J CU,38377,,,,11-Jan-24,No VR,14-Jan-24,15-Jan-24
Exp140,230050816,B132,C57BL/6J CU,Exp,M,"10,71",Both,,,8-Nov-23,30-Nov-23,15-Jan-24,230036022,C57BL/6J CU,230036025,C57BL/6J CU,38356,,,,11-Jan-24,No VR,14-Jan-24,15-Jan-24
Exp141,230050827,E306,N9,Exp,M,"7,51",L,,,9-Nov-23,30-Nov-23,15-Jan-24,230036013,N8,230036024,C57BL/6J CU,38377,,,,11-Jan-24,No VR,14-Jan-24,15-Jan-24
Exp141,230050817,B133,C57BL/6J CU,Exp,M,"8,06",Both,,,8-Nov-23,30-Nov-23,15-Jan-24,230036022,C57BL/6J CU,230036025,C57BL/6J CU,38356,,,,11-Jan-24,No VR,14-Jan-24,15-Jan-24
Exp142,230050828,E307,N9,Exp,F,"6,76",L,,,9-Nov-23,30-Nov-23,16-Jan-24,230036013,N8,230036024,C57BL/6J CU,38377,,,,11-Jan-24,No VR,14-Jan-24,16-Jan-24
Exp142,230050812,M83,MRL/MpJ CSY,Exp,F,"17,81",Both,,,8-Nov-23,30-Nov-23,16-Jan-24,230036037,MRL/MpJ CSY,230036040/230036042,MRL/MpJ CSY,38350,,,,11-Jan-24,No VR,14-Jan-24,16-Jan-24
Exp143,230050829,E308,N9,Exp,F,"6,99",L,,,9-Nov-23,30-Nov-23,16-Jan-24,230036013,N8,230036024,C57BL/6J CU,38377,,,,11-Jan-24,No VR,14-Jan-24,16-Jan-24
Exp143,230050813,M84,MRL/MpJ CSY,Exp,F,"17,59",Both,,,8-Nov-23,30-Nov-23,16-Jan-24,230036037,MRL/MpJ CSY,230036040/230036042,MRL/MpJ CSY,38350,,,,11-Jan-24,No VR,14-Jan-24,16-Jan-24
Exp144,230050830,E309,N9,Exp,F,"6,65",L,,,9-Nov-23,30-Nov-23,16-Jan-24,230036013,N8,230036024,C57BL/6J CU,38377,,,,11-Jan-24,No VR,14-Jan-24,16-Jan-24
Exp144,230050819,B135,C57BL/6J CU,Exp,F,"10,01",Both,,,8-Nov-23,30-Nov-23,16-Jan-24,230036022,C57BL/6J CU,230036025,C57BL/6J CU,38356,,,,11-Jan-24,No VR,14-Jan-24,16-Jan-24
Exp145,230051196,E310,N8,Exp,F,"10,35",L,,,12-Nov-23,4-Dec-23,23-Jan-24,230036021,C57BL/6J CU,230032848,N7,38384,,,,15-Jan-24,No VR,18-Jan-24,23-Jan-24
Exp145,230051191,B142,C57BL/6J CU,Exp,F,"10,91",Both,,,10-Nov-23,4-Dec-23,23-Jan-24,230032833,C57BL/6J CU,230032828,C57BL/6J CU,38086,,,,15-Jan-24,No VR,18-Jan-24,23-Jan-24
Exp146,230051197,E311,N8,Exp,F,"10,26",L,,,12-Nov-23,4-Dec-23,23-Jan-24,230036021,C57BL/6J CU,230032848,N7,38384,,,,15-Jan-24,No VR,18-Jan-24,23-Jan-24
Exp146,230051192,B143,C57BL/6J CU,Exp,F,"9,82",Both,,,10-Nov-23,4-Dec-23,23-Jan-24,230032833,C57BL/6J CU,230032828,C57BL/6J CU,38086,,,,15-Jan-24,No VR,18-Jan-24,23-Jan-24
Exp147,230051198,E312,N8,Exp,F,"10,81",L,,,12-Nov-23,4-Dec-23,23-Jan-24,230036021,C57BL/6J CU,230032848,N7,38384,,,,15-Jan-24,10-Jan-24,18-Jan-24,23-Jan-24
Exp147,230051193,M86,MRL/MpJ CSY,Exp,F,"20,75",Both,,,10-Nov-23,4-Dec-23,23-Jan-24,230036034,MRL/MpJ CSY,230036038,MRL/MpJ CSY,38352,,,,15-Jan-24,10-Jan-24,18-Jan-24,23-Jan-24
Exp148,230051199,E313,N8,Exp,F,"10,18",L,,,12-Nov-23,4-Dec-23,23-Jan-24,230036021,C57BL/6J CU,230032848,N7,38384,,,,15-Jan-24,11-Jan-24,18-Jan-24,23-Jan-24
Exp148,230051194,M87,MRL/MpJ CSY,Exp,F,"19,63",Both,,,10-Nov-23,4-Dec-23,23-Jan-24,230036034,MRL/MpJ CSY,230036038,MRL/MpJ CSY,38352,,,,15-Jan-24,11-Jan-24,18-Jan-24,23-Jan-24
Exp149,230051200,E314,N8,Exp,F,"10,71",L,,,12-Nov-23,4-Dec-23,24-Jan-24,230036021,C57BL/6J CU,230032848,N7,38384,,,,15-Jan-24,11-Jan-24,18-Jan-24,24-Jan-24
Exp149,230051195,M88,MRL/MpJ CSY,Exp,F,"20,00",Both,,,10-Nov-23,4-Dec-23,24-Jan-24,230036034,MRL/MpJ CSY,230036038,MRL/MpJ CSY,38352,,,,15-Jan-24,11-Jan-24,18-Jan-24,24-Jan-24
Exp150,230052141,E315,N7,Exp,M,"11,74",L,D,,15-Nov-23,7-Dec-23,24-Jan-24,230017803,N6,230016732,C57BL/6J CU,37551,,,,18-Jan-24,No VR,21-Jan-24,24-Jan-24
Exp150,230052146,D78,DBA/2J AZM,Exp,M,"11,39",Both,D,D,12-Nov-23,7-Dec-23,24-Jan-24,230033982,DBA/2J AZM,230033508,DBA/2J AZM,38171,,,,18-Jan-24,No VR,21-Jan-24,24-Jan-24
Exp151,230052142,E316,N7,Exp,M,"10,7",L,D,,15-Nov-23,7-Dec-23,24-Jan-24,230017803,N6,230016732,C57BL/6J CU,37551,,,,18-Jan-24,No VR,21-Jan-24,24-Jan-24
Exp151,230052147,D79,DBA/2J AZM,Exp,M,"10,8",Both,D,A,12-Nov-23,7-Dec-23,24-Jan-24,230033982,DBA/2J AZM,230033508,DBA/2J AZM,38171,,,,18-Jan-24,No VR,21-Jan-24,24-Jan-24
Exp157,230054692,E333,N7,Exp,M,"7,84",L,D,,30-Nov-23,27-Dec-23,12-Feb-24,230017814,C57BL/6J CU,230020410,N6,37616,,,,7-Feb-24,29-Jan-24,10-Feb-24,12-Feb-24
Exp157,230054731,D84,DBA/2J AZM,Exp,M,"9,88",Both,D,D,5-Dec-23,27-Dec-23,12-Feb-24,230033982,DBA/2J AZM,230033508,DBA/2J AZM,38171,,,,7-Feb-24,29-Jan-24,10-Feb-24,12-Feb-24
Exp158,230054716,E324,N9,Exp,F,"9,85",L,D,,4-Dec-23,27-Dec-23,12-Feb-24,230036013,N8,230036024,C57BL/6J CU,38377,,,,7-Feb-24,29-Jan-24,10-Feb-24,12-Feb-24
Exp158,230054682,M93,MRL/MpJ CSY,Exp,F,"22,65",Both,D,D,29-Nov-23,27-Dec-23,12-Feb-24,230036036,MRL/MpJ CSY,230036040/230036041,MRL/MpJ CSY,38350,,,,7-Feb-24,29-Jan-24,10-Feb-24,12-Feb-24
Exp159,230054717,E325,N9,Exp,F,"9,56",L,D,,4-Dec-23,27-Dec-23,12-Feb-24,230036013,N8,230036024,C57BL/6J CU,38377,,,,7-Feb-24,30-Jan-24,10-Feb-24,12-Feb-24
Exp159,230054683,M94,MRL/MpJ CSY,Exp,F,"24,40",Both,D,D,29-Nov-23,27-Dec-23,12-Feb-24,230036036,MRL/MpJ CSY,230036040/230036041,MRL/MpJ CSY,38350,,,,7-Feb-24,30-Jan-24,10-Feb-24,12-Feb-24
Exp160,230054718,E326,N9,Exp,F,"9,51",L,D,,4-Dec-23,27-Dec-23,12-Feb-24,230036013,N8,230036024,C57BL/6J CU,38377,,,,7-Feb-24,30-Jan-24,10-Feb-24,12-Feb-24
Exp160,230054708,M98,MRL/MpJ CSY,Exp,F,"12,74",Both,D,D,4-Dec-23,27-Dec-23,12-Feb-24,230036035,MRL/MpJ CSY,230036039/230036042,MRL/MpJ CSY,38351,,,,7-Feb-24,30-Jan-24,10-Feb-24,12-Feb-24
Exp161,230054719,E327,N9,Exp,F,"8,90",L,D,,4-Dec-23,27-Dec-23,12-Feb-24,230036013,N8,230036024,C57BL/6J CU,38377,,,,7-Feb-24,31-Jan-24,10-Feb-24,12-Feb-24
Exp161,230054747,D83,DBA/2J AZM,Exp,F,"12,7",Both,D,D,5-Dec-23,27-Dec-23,12-Feb-24,230023913,DBA/2J AZM,230022678,DBA/2J AZM,37748,,,,7-Feb-24,31-Jan-24,10-Feb-24,12-Feb-24
Exp162,230054720,E328,N9,Exp,F,"9,17",L,D,,4-Dec-23,27-Dec-23,12-Feb-24,230036013,N8,230036024,C57BL/6J CU,38377,,,,7-Feb-24,31-Jan-24,10-Feb-24,12-Feb-24
Exp162,230054736,D89,DBA/2J AZM,Exp,F,"10,78",Both,D,D,5-Dec-23,27-Dec-23,12-Feb-24,230033982,DBA/2J AZM,230033508,DBA/2J AZM,38171,,,,7-Feb-24,31-Jan-24,10-Feb-24,12-Feb-24
Exp163,230054721,E329,N9,Exp,F,"8,45",L,D,,4-Dec-23,27-Dec-23,14-Feb-24,230036013,N8,230036024,C57BL/6J CU,38377,,,,7-Feb-24,1-Feb-24,10-Feb-24,14-Feb-24
Exp163,230054737,D90,DBA/2J AZM,Exp,F,"9,94",Both,D,D,5-Dec-23,27-Dec-23,14-Feb-24,230033982,DBA/2J AZM,230033508,DBA/2J AZM,38171,,,,7-Feb-24,1-Feb-24,10-Feb-24,14-Feb-24
Exp164,230054722,E330,N9,Exp,F,"7,4",L,D,,4-Dec-23,27-Dec-23,14-Feb-24,230036013,N8,230036024,C57BL/6J CU,38377,,,IBA ocular problems,7-Feb-24,8-Feb-24,10-Feb-24,14-Feb-24
Exp164,230054738,D91,DBA/2J AZM,Exp,F,"10,22",Both,D,D,5-Dec-23,27-Dec-23,14-Feb-24,230033982,DBA/2J AZM,230033508,DBA/2J AZM,38171,,,,7-Feb-24,8-Feb-24,10-Feb-24,14-Feb-24
Exp165,230054723,E331,N9,Exp,F,"8,66",L,D,,4-Dec-23,27-Dec-23,14-Feb-24,230036013,N8,230036024,C57BL/6J CU,38377,,,,7-Feb-24,1-Feb-24,10-Feb-24,14-Feb-24
Exp165,230054673,B147,C57BL/6J CU,Exp,F,"12,8",Both,D,A,28-Nov-23,27-Dec-23,14-Feb-24,230026195,C57BL/6J CU,230026181,C57BL/6J CU,37900,,,,7-Feb-24,1-Feb-24,10-Feb-24,14-Feb-24
Exp166,230054696,E337,N7,Exp,F,"9,09",L,D,,30-Nov-23,27-Dec-23,14-Feb-24,230017814,C57BL/6J CU,230020410,N6,37616,,,,7-Feb-24,7-Feb-24,10-Feb-24,14-Feb-24
Exp166,230054674,B148,C57BL/6J CU,Exp,F,"10,08",Both,D,D,28-Nov-23,27-Dec-23,14-Feb-24,230026195,C57BL/6J CU,230026181,C57BL/6J CU,37900,,,,7-Feb-24,7-Feb-24,10-Feb-24,14-Feb-24
Exp167,240001052,E339,N8,Exp,M,13.45,L,D,,10-Dec-23,5-Jan-24,19-Feb-24,230032834,C57BL/6J CU,230032845,N7,38087,,,,16-Feb-24,8-Feb-24,19-Feb-24,19-Feb-24
Exp167,240001089,C68,CBA/J BIT,Exp,M,13.62,Both,D,A,14-Dec-23,5-Jan-24,19-Feb-24,230046685,CBA/J BIT,230046688,CBA/J BIT,38591,,,,16-Feb-24,8-Feb-24,19-Feb-24,19-Feb-24
Exp168,240001053,E340,N8,Exp,M,13.69,L,D,,10-Dec-23,5-Jan-24,19-Feb-24,230032834,C57BL/6J CU,230032845,N7,38087,,,,16-Feb-24,7-Feb-24,19-Feb-24,19-Feb-24
Exp168,240001090,C69,CBA/J BIT,Exp,M,13.5,Both,D,D,14-Dec-23,5-Jan-24,19-Feb-24,230046685,CBA/J BIT,230046688,CBA/J BIT,38591,,,,16-Feb-24,7-Feb-24,19-Feb-24,19-Feb-24
Exp169,240001054,E341,N8,Exp,M,13.27,L,D,,10-Dec-23,5-Jan-24,19-Feb-24,230032834,C57BL/6J CU,230032845,N7,38087,,,,16-Feb-24,14-Feb-24,19-Feb-24,19-Feb-24
Exp169,240001092,C71,CBA/J BIT,Exp,M,11.49,Both,A,D,14-Dec-23,5-Jan-24,19-Feb-24,230046686,CBA/J BIT,230046689,CBA/J BIT,38592,,,,16-Feb-24,14-Feb-24,19-Feb-24,19-Feb-24
Exp170,240001055,E342,N8,Exp,F,13.42,L,D,,10-Dec-23,5-Jan-24,19-Feb-24,230032834,C57BL/6J CU,230032845,N7,38087,,,,16-Feb-24,14-Feb-24,19-Feb-24,19-Feb-24
Exp170,240001091,C70,CBA/J BIT,Exp,F,10.58,Both,D,D,14-Dec-23,5-Jan-24,19-Feb-24,230046685,CBA/J BIT,230046688,CBA/J BIT,38591,,,,16-Feb-24,14-Feb-24,19-Feb-24,19-Feb-24
Exp171,240001056,E343,N8,Exp,F,13.2,L,D,,10-Dec-23,5-Jan-24,19-Feb-24,230032834,C57BL/6J CU,230032845,N7,38087,,,,16-Feb-24,15-Feb-24,19-Feb-24,19-Feb-24
Exp171,240001093,C72,CBA/J BIT,Exp,F,11.42,Both,D,D,14-Dec-23,5-Jan-24,19-Feb-24,230046686,CBA/J BIT,230046689,CBA/J BIT,38592,,,,16-Feb-24,15-Feb-24,19-Feb-24,19-Feb-24
Exp173,240001075,E345,N7,Exp,M,9.39,L,D,,12-Dec-23,5-Jan-24,20-Feb-24,230017806,N6,230028831,WT,37588,,,,16-Feb-24,No VR,19-Feb-24,20-Feb-24
Exp173,240001084,D93,DBA/2J AZM,Exp,M,9.47,Both,D,D,14-Dec-23,5-Jan-24,20-Feb-24,230046680,DBA/2J AZM,230046683,DBA/2J AZM,38588,,,,16-Feb-24,No VR,19-Feb-24,20-Feb-24
Exp174,240001076,E346,N7,Exp,M,10.81,L,D,,12-Dec-23,5-Jan-24,20-Feb-24,230017806,N6,230028831,WT,37588,,,,16-Feb-24,No VR,19-Feb-24,20-Feb-24
Exp174,240001085,D94,DBA/2J AZM,Exp,M,9.54,Both,D,D,14-Dec-23,5-Jan-24,20-Feb-24,230046680,DBA/2J AZM,230046683,DBA/2J AZM,38588,,,,16-Feb-24,No VR,19-Feb-24,20-Feb-24
Exp176,240001078,E348,N7,Exp,M,8.74,L,D,,12-Dec-23,5-Jan-24,20-Feb-24,230017806,N6,230028831,WT,37588,,,,16-Feb-24,No VR,19-Feb-24,20-Feb-24
Exp176,240001058,M103,MRL/MpJ CSY,Exp,M,17.48,Both,D,D,13-Dec-23,5-Jan-23,20-Feb-24,230046692,MRL/MpJ CSY,230046695,MRL/MpJ CSY,38595,,,,16-Feb-23,No VR,19-Feb-23,20-Feb-24
Exp177,240001079,E349,N7,Exp,F,9.72,L,D,,12-Dec-23,5-Jan-24,20-Feb-24,230017806,N6,230028831,WT,37588,,,,16-Feb-24,No VR,19-Feb-24,20-Feb-24
Exp177,240001094,C73,CBA/J BIT,Exp,F,10.75,Both,D,D,14-Dec-23,5-Jan-24,20-Feb-24,230046686,CBA/J BIT,230046689,CBA/J BIT,38592,,,,16-Feb-24,No VR,19-Feb-24,20-Feb-24
Exp178,240001080,E350,N7,Exp,F,9.6,L,D,,12-Dec-23,5-Jan-24,20-Feb-24,230017806,N6,230028831,WT,37588,,,,16-Feb-24,No VR,19-Feb-24,20-Feb-24
Exp178,240001059,M104,MRL/MpJ CSY,Exp,F,16.75,Both,D,D,13-Dec-23,5-Jan-23,20-Feb-24,230046692,MRL/MpJ CSY,230046695,MRL/MpJ CSY,38595,,,,16-Feb-23,No VR,19-Feb-23,20-Feb-24
Exp179,240001081,E351,N7,Exp,F,9.51,L,D,,12-Dec-23,5-Jan-24,20-Feb-24,230017806,N6,230028831,WT,37588,,,,16-Feb-24,No VR,19-Feb-24,20-Feb-24
Exp179,240001060,M105,MRL/MpJ CSY,Exp,F,15.47,Both,D,D,13-Dec-23,5-Jan-23,20-Feb-24,230046692,MRL/MpJ CSY,230046695,MRL/MpJ CSY,38595,,,,16-Feb-23,No VR,19-Feb-23,20-Feb-24
Exp180,240001082,E352,N7,Exp,F,9.57,L,D,,12-Dec-23,5-Jan-24,20-Feb-24,230017806,N6,230028831,WT,37588,,,,16-Feb-24,No VR,19-Feb-24,20-Feb-24
Exp180,240001061,M106,MRL/MpJ CSY,Exp,F,17.06,Both,D,D,13-Dec-23,5-Jan-23,20-Feb-24,230046692,MRL/MpJ CSY,230046695,MRL/MpJ CSY,38595,,,,16-Feb-23,No VR,19-Feb-23,20-Feb-24
Exp188,240001474,E365,N7,Exp,M,"13,40",L,D,,17-Dec-23,9-Jan-24,20-Feb-24,230017805,N6,230016733,C57BL/6J CU,37552,,,Anticipated FST,20-Feb-24,No VR,23-Feb-24,20-Feb-24
Exp188,240001456,M116,MRL/MpJ CSY,Exp,M,"20,70",Both,D,D,14-Dec-23,9-Jan-24,20-Feb-24,230046691,MRL/MpJ CSY,230046694,MRL/MpJ CSY,38594,,,IBA fight wounds/Anticipated FST,20-Feb-24,No VR,23-Feb-24,20-Feb-24
Exp181,240001462,E353,N9,Exp,M,"8,69",L,D,,15-Dec-23,9-Jan-24,26-Feb-24,230006172,C57BL/6J CU,230028832,N8,37197,,,,20-Feb-24,19-Feb-24,23-Feb-24,26-Feb-24
Exp181,240001483,D98,DBA/2J AZM,Exp,M,"10,87",Both,D,D,17-Dec-23,9-Jan-24,26-Feb-24,230046679,DBA/2J AZM,230046682,DBA/2J AZM,38586,,,,20-Feb-24,19-Feb-24,23-Feb-24,26-Feb-24
Exp183,240001464,E355,N9,Exp,M,"7,98",L,D,,15-Dec-23,9-Jan-24,28-Feb-24,230006172,C57BL/6J CU,230028832,N8,37197,,,,20-Feb-24,19-Feb-24,23-Feb-24,28-Feb-24
Exp183,240001485,D100,DBA/2J AZM,Exp,M,"12,07",Both,D,D,17-Dec-23,9-Jan-24,28-Feb-24,230046679,DBA/2J AZM,230046682,DBA/2J AZM,38586,,,,20-Feb-24,19-Feb-24,23-Feb-24,28-Feb-24
Exp184,240001465,E356,N9,Exp,M,"8,30",L,D,,15-Dec-23,9-Jan-24,28-Feb-24,230006172,C57BL/6J CU,230028832,N8,37197,,,,20-Feb-24,20-Feb-24,23-Feb-24,28-Feb-24
Exp184,240001449,M109,MRL/MpJ CSY,Exp,M,"22,78",Both,D,D,17-Dec-23,9-Jan-24,28-Feb-24,230046690,MRL/MpJ CSY,230046693,MRL/MpJ CSY,38593,,,,20-Feb-24,20-Feb-24,23-Feb-24,28-Feb-24
Exp191,240001470,E361,N9,Exp,F,"7,93",L,D,,15-Dec-23,9-Jan-24,28-Feb-24,230006172,C57BL/6J CU,230028832,N8,37197,,,,20-Feb-24,20-Feb-24,23-Feb-24,28-Feb-24
Exp191,240001488,D103,DBA/2J AZM,Exp,F,"10,05",Both,D,D,17-Dec-23,9-Jan-24,28-Feb-24,230046679,DBA/2J AZM,230046682,DBA/2J AZM,38586,,,,20-Feb-24,20-Feb-24,23-Feb-24,28-Feb-24
Exp192,240001471,E362,N9,Exp,F,"8,64",L,D,,15-Dec-23,9-Jan-24,28-Feb-24,230006172,C57BL/6J CU,230028832,N8,37197,,,,20-Feb-24,21-Feb-24,23-Feb-24,28-Feb-24
Exp192,240001454,M114,MRL/MpJ CSY,Exp,F,"20,94",Both,D,D,17-Dec-23,9-Jan-24,28-Feb-24,230046690,MRL/MpJ CSY,230046693,MRL/MpJ CSY,38593,,,,20-Feb-24,21-Feb-24,23-Feb-24,28-Feb-24
Exp193,240002953,E368,N8,Exp,M,"8,08",L,D,,25-Dec-23,16-Jan-24,5-Mar-24,230047175,C57BL/6J CU,230042632,N7,38655,,,,27-Feb-24,21-Feb-24,1-Mar-24,5-Mar-24
Exp193,240002943,D104,DBA/2J AZM,Exp,M,"10,52",Both,D,D,23-Dec-23,16-Jan-24,5-Mar-24,230023912,DBA/2J AZM,230022677,DBA/2J AZM,37747,,,,27-Feb-24,21-Feb-24,1-Mar-24,5-Mar-24
Exp196,240002962,E377,N8,Exp,M,"10,10",L,D,,25-Dec-23,16-Jan-24,5-Mar-24,230047176,C57BL/6J CU,230042634,N7,38656,,,,27-Feb-24,22-Feb-24,1-Mar-24,5-Mar-24
Exp196,240002948,M122,MRL/MpJ CSY,Exp,M,"15,10",Both,D,D,25-Dec-23,16-Jan-24,5-Mar-24,230036034,MRL/MpJ CSY,230036038,MRL/MpJ CSY,38352,,,,27-Feb-24,22-Feb-24,1-Mar-24,5-Mar-24
Exp198,240002964,E379,N8,Exp,M,"9,43",L,D,,25-Dec-23,16-Jan-24,5-Mar-24,230047176,C57BL/6J CU,230042634,N7,38656,,,,27-Feb-24,No VR,1-Mar-24,5-Mar-24
Exp198,240002931,M124,MRL/MpJ CSY,Exp,M,"21,03",Both,D,D,22-Dec-23,16-Jan-24,5-Mar-24,230036040,MRL/MpJ CSY,230036041,MRL/MpJ CSY,38350,,,,27-Feb-24,No VR,1-Mar-24,5-Mar-24
Exp199,240002965,E380,N8,Exp,M,"8,23",L,D,,25-Dec-23,16-Jan-24,5-Mar-24,230047176,C57BL/6J CU,230042634,N7,38656,,,,27-Feb-24,28-Feb-24,1-Mar-24,5-Mar-24
Exp199,240002932,M125,MRL/MpJ CSY,Exp,M,"22,45",Both,D,D,22-Dec-23,16-Jan-24,5-Mar-24,230036040,MRL/MpJ CSY,230036041,MRL/MpJ CSY,38350,,,,27-Feb-24,28-Feb-24,1-Mar-24,5-Mar-24
Exp200,240002958,E373,N8,Exp,F,"7,95",L,D,,25-Dec-23,16-Jan-24,5-Mar-24,230047175,C57BL/6J CU,230042632,N7,38655,,,,27-Feb-24,29-Feb-24,1-Mar-24,5-Mar-24
Exp200,240002927,C74,CBA/J BIT,Exp,F,"14,61",Both,D,D,21-Dec-23,16-Jan-24,5-Mar-24,230031806,CBA/J BIT,230031802,CBA/J BIT,38064,,,,27-Feb-24,29-Feb-24,1-Mar-24,5-Mar-24
Exp201,240002959,E374,N8,Exp,F,"8,42",L,D,,25-Dec-23,16-Jan-24,5-Mar-24,230047175,C57BL/6J CU,230042632,N7,38655,,,,27-Feb-24,No VR,1-Mar-24,5-Mar-24
Exp201,240002928,C75,CBA/J BIT,Exp,F,"14,05",Both,D,D,21-Dec-23,16-Jan-24,5-Mar-24,230031806,CBA/J BIT,230031802,CBA/J BIT,38064,,,,27-Feb-24,No VR,1-Mar-24,5-Mar-24
Exp202,240002960,E375,N8,Exp,F,"8,71",L,D,,25-Dec-23,16-Jan-24,5-Mar-24,230047175,C57BL/6J CU,230042632,N7,38655,,,,27-Feb-24,No VR,1-Mar-24,5-Mar-24
Exp202,240002929,C76,CBA/J BIT,Exp,F,"12,45",Both,D,D,21-Dec-23,16-Jan-24,5-Mar-24,230031806,CBA/J BIT,230031802,CBA/J BIT,38064,,,,27-Feb-24,No VR,1-Mar-24,5-Mar-24
Exp203,240002961,E376,N8,Exp,F,"7,81",L,D,,25-Dec-23,16-Jan-24,5-Mar-24,230047175,C57BL/6J CU,230042632,N7,38655,,,,27-Feb-24,No VR,1-Mar-24,5-Mar-24
Exp203,240002946,D107,DBA/2J AZM,Exp,F,"11,63",Both,D,D,23-Dec-23,16-Jan-24,5-Mar-24,230023912,DBA/2J AZM,230022677,DBA/2J AZM,37747,,,,27-Feb-24,No VR,1-Mar-24,5-Mar-24
Exp204,240002966,E381,N8,Exp,F,"9,5",L,D,,25-Dec-23,16-Jan-24,6-Mar-24,230047176,C57BL/6J CU,230042634,N7,38656,,,,27-Feb-24,No VR,1-Mar-24,6-Mar-24
Exp204,240002947,D108,DBA/2J AZM,Exp,F,"10,41",Both,D,D,23-Dec-23,16-Jan-24,6-Mar-24,230023912,DBA/2J AZM,230022677,DBA/2J AZM,37747,,,,27-Feb-24,No VR,1-Mar-24,6-Mar-24
Exp205,240003280,E384,N9,Exp,M,"7,2",L,D,,27-Dec-23,18-Jan-24,6-Mar-24,230043384,N8,230047179,C57BL/6J CU,38667,,,,29-Feb-24,No VR,3-Mar-24,6-Mar-24
Exp205,240003295,D109,DBA/2J AZM,Exp,M,"8,56",Both,D,D,27-Dec-23,18-Jan-24,6-Mar-24,230033982,DBA/2J AZM,230033508,DBA/2J AZM,38171,,,,29-Feb-24,No VR,3-Mar-24,6-Mar-24
Exp206,240003281,E385,N9,Exp,M,"8,2",L,D,,27-Dec-23,18-Jan-24,6-Mar-24,230043384,N8,230047179,C57BL/6J CU,38667,,,,29-Feb-24,No VR,3-Mar-24,6-Mar-24
Exp206,240003296,D110,DBA/2J AZM,Exp,M,"9,36",Both,D,D,27-Dec-23,18-Jan-24,6-Mar-24,230033982,DBA/2J AZM,230033508,DBA/2J AZM,38171,,,,29-Feb-24,No VR,3-Mar-24,6-Mar-24
Exp207,240003282,E386,N9,Exp,M,"7,86",L,D,,27-Dec-23,18-Jan-24,6-Mar-24,230043384,N8,230047179,C57BL/6J CU,38667,,,,29-Feb-24,No VR,3-Mar-24,6-Mar-24
Exp207,240003297,D111,DBA/2J AZM,Exp,M,"8,76",Both,D,D,27-Dec-23,18-Jan-24,6-Mar-24,230033982,DBA/2J AZM,230033508,DBA/2J AZM,38171,,,,29-Feb-24,No VR,3-Mar-24,6-Mar-24
Exp208,240003283,E387,N9,Exp,M,"7,1",L,D,,27-Dec-23,18-Jan-24,6-Mar-24,230043384,N8,230047179,C57BL/6J CU,38667,,,,29-Feb-24,No VR,3-Mar-24,6-Mar-24
Exp208,240003298,D112,DBA/2J AZM,Exp,M,"8,77",Both,D,D,27-Dec-23,18-Jan-24,6-Mar-24,230033982,DBA/2J AZM,230033508,DBA/2J AZM,38171,,,,29-Feb-24,No VR,3-Mar-24,6-Mar-24
Exp209,240003284,E388,N9,Exp,M,"6,00",L,D,,27-Dec-23,18-Jan-24,6-Mar-24,230043384,N8,230047179,C57BL/6J CU,38667,,,,29-Feb-24,No VR,3-Mar-24,6-Mar-24
Exp209,240003270,B178,C57BL/6J CU,Exp,M,"8,67",Both,D,D,26-Dec-23,18-Jan-24,6-Mar-24,230036022,C57BL/6J CU,230036025,C57BL/6J CU,38356,,,,29-Feb-24,No VR,3-Mar-24,6-Mar-24
Exp210,240003288,E392,N7,Exp,M,"9,43",L,D,,28-Dec-23,18-Jan-24,6-Mar-24,230017803,N6,230016732,C57BL/6J CU,37551,,,,29-Feb-24,No VR,3-Mar-24,6-Mar-24
Exp210,240003271,B179,C57BL/6J CU,Exp,M,"9,01",Both,D,D,26-Dec-23,18-Jan-24,6-Mar-24,230036022,C57BL/6J CU,230036025,C57BL/6J CU,38356,,,,29-Feb-24,No VR,3-Mar-24,6-Mar-24
Exp211,240003289,E393,N7,Exp,M,"9,20",L,D,,28-Dec-23,18-Jan-24,6-Mar-24,230017803,N6,230016732,C57BL/6J CU,37551,,,,29-Feb-24,No VR,3-Mar-24,6-Mar-24
Exp211,240003272,B180,C57BL/6J CU,Exp,M,"8,79",Both,D,D,26-Dec-23,18-Jan-24,6-Mar-24,230036022,C57BL/6J CU,230036025,C57BL/6J CU,38356,,,,29-Feb-24,No VR,3-Mar-24,6-Mar-24
Exp212,240003290,E394,N7,Exp,M,"8,48",L,D,,28-Dec-23,18-Jan-24,8-Mar-24,230017803,N6,230016732,C57BL/6J CU,37551,,,,29-Feb-24,No VR,3-Mar-24,8-Mar-24
Exp212,240003273,B181,C57BL/6J CU,Exp,M,"8,37",Both,D,D,26-Dec-23,18-Jan-24,8-Mar-24,230036022,C57BL/6J CU,230036025,C57BL/6J CU,38356,,,,29-Feb-24,No VR,3-Mar-24,8-Mar-24
Exp213,240003291,E395,N7,Exp,M,"7,60",L,D,,28-Dec-23,18-Jan-24,8-Mar-24,230017803,N6,230016732,C57BL/6J CU,37551,,,,29-Feb-24,No VR,3-Mar-24,8-Mar-24
Exp213,240003274,B182,C57BL/6J CU,Exp,M,"9,06",Both,A,D,26-Dec-23,18-Jan-24,8-Mar-24,230036022,C57BL/6J CU,230036025,C57BL/6J CU,38356,,,,29-Feb-24,No VR,3-Mar-24,8-Mar-24
Exp215,240003293,E397,N7,Exp,F,"9,11",L,D,,28-Dec-23,18-Jan-24,8-Mar-24,230017803,N6,230016732,C57BL/6J CU,37551,,,,29-Feb-24,No VR,3-Mar-24,8-Mar-24
Exp215,240003300,D114,DBA/2J AZM,Exp,F,"8,76",Both,D,D,27-Dec-23,18-Jan-24,8-Mar-24,230033982,DBA/2J AZM,230033508,DBA/2J AZM,38171,,,,29-Feb-24,No VR,3-Mar-24,8-Mar-24
Exp216,240003294,E398,N7,Exp,F,"8,52",L,D,,28-Dec-23,18-Jan-24,8-Mar-24,230017803,N6,230016732,C57BL/6J CU,37551,,,,29-Feb-24,No VR,3-Mar-24,8-Mar-24
Exp216,240003276,B184,C57BL/6J CU,Exp,F,"8,94",Both,D,D,26-Dec-23,18-Jan-24,8-Mar-24,230036022,C57BL/6J CU,230036025,C57BL/6J CU,38356,,,,29-Feb-24,No VR,3-Mar-24,8-Mar-24
Exp219,240004012,E401,N8,Exp,M,"10,62",L,D,,1-Jan-24,24-Jan-24,12-Mar-24,230036021,C57BL/6J CU,230032848,N7,38384,,,,6-Mar-24,6-Mar-24,9-Mar-24,12-Mar-24
Exp219,240004020,C79,CBA/J BIT,Exp,M,"14,46",Both,D,D,2-Jan-24,24-Jan-24,12-Mar-24,230046684,CBA/J BIT,230046687,CBA/J BIT,38590,,,IBA fight wounds,6-Mar-24,6-Mar-24,9-Mar-24,12-Mar-24
Exp220,240004013,E402,N8,Exp,M,"8,58",L,D,,1-Jan-24,24-Jan-24,12-Mar-24,230036021,C57BL/6J CU,230032848,N7,38384,,,,6-Mar-24,7-Mar-24,9-Mar-24,12-Mar-24
Exp220,240004172,C83,CBA/J BIT,Exp,M,"10,23",Both,D,D,5-Jan-24,24-Jan-24,12-Mar-24,230046685,CBA/J BIT,230046688,CBA/J BIT,38591,,,IBA fight wounds,6-Mar-24,7-Mar-24,9-Mar-24,12-Mar-24
Exp221,240005002,E407,N8,Exp,M,"12,40",L,D,,28-Dec-23,24-Jan-24,12-Mar-24,230044155,N7,230047177,C57BL/6J CU,38668,,,,6-Mar-24,7-Mar-24,9-Mar-24,12-Mar-24
Exp221,240004173,C84,CBA/J BIT,Exp,M,"9,64",Both,D,D,5-Jan-24,24-Jan-24,12-Mar-24,230046685,CBA/J BIT,230046688,CBA/J BIT,38591,,,,6-Mar-24,7-Mar-24,9-Mar-24,12-Mar-24
Exp222,240005003,E408,N8,Exp,M,"11,28",L,D,,28-Dec-23,24-Jan-24,12-Mar-24,230044155,N7,230047177,C57BL/6J CU,38668,,,,6-Mar-24,No VR,9-Mar-24,12-Mar-24
Exp222,240004174,C85,CBA/J BIT,Exp,M,"9,84",Both,D,D,5-Jan-24,24-Jan-24,12-Mar-24,230046685,CBA/J BIT,230046688,CBA/J BIT,38591,,,,6-Mar-24,No VR,9-Mar-24,12-Mar-24
Exp224,240005005,E410,N8,Exp,M,"11,06",L,D,,28-Dec-23,24-Jan-24,12-Mar-24,230044155,N7,230047177,C57BL/6J CU,38668,,,,6-Mar-24,No VR,9-Mar-24,12-Mar-24
Exp224,240004168,B189,C57BL/6J CU,Exp,M,"7,43",Both,D,D,5-Jan-24,24-Jan-24,12-Mar-24,230046674,C57BL/6J CU,230046677,C57BL/6J CU,38584,,,,6-Mar-24,No VR,9-Mar-24,12-Mar-24
Exp225,240004015,E404,N8,Exp,F,"10,35",L,D,,1-Jan-24,24-Jan-24,12-Mar-24,230036021,C57BL/6J CU,230032848,N7,38384,,,,6-Mar-24,No VR,9-Mar-24,12-Mar-24
Exp225,240004021,C80,CBA/J BIT,Exp,F,"11,31",Both,D,D,2-Jan-24,24-Jan-24,12-Mar-24,230046684,CBA/J BIT,230046687,CBA/J BIT,38590,,,,6-Mar-24,No VR,9-Mar-24,12-Mar-24
Exp226,240004016,E405,N8,Exp,F,"10,03",L,D,,1-Jan-24,24-Jan-24,14-Mar-24,230036021,C57BL/6J CU,230032848,N7,38384,,,,6-Mar-24,11-Mar-24,9-Mar-24,14-Mar-24
Exp226,240004022,C81,CBA/J BIT,Exp,F,"11,19",Both,D,D,2-Jan-24,24-Jan-24,14-Mar-24,230046684,CBA/J BIT,230046687,CBA/J BIT,38590,,,,6-Mar-24,11-Mar-24,9-Mar-24,14-Mar-24
Exp227,240004017,E406,N8,Exp,F,"10,61",L,D,,1-Jan-24,24-Jan-24,14-Mar-24,230036021,C57BL/6J CU,230032848,N7,38384,,,,6-Mar-24,11-Mar-24,9-Mar-24,14-Mar-24
Exp227,240004023,C82,CBA/J BIT,Exp,F,"10,88",Both,D,D,2-Jan-24,24-Jan-24,14-Mar-24,230046684,CBA/J BIT,230046687,CBA/J BIT,38590,,,,6-Mar-24,11-Mar-24,9-Mar-24,14-Mar-24
Exp228,240005009,E414,N8,Exp,F,"10,31",L,D,,28-Dec-23,24-Jan-24,14-Mar-24,230044155,N7,230047177,C57BL/6J CU,38668,,,,6-Mar-24,12-Mar-24,9-Mar-24,14-Mar-24
Exp228,240004175,C86,CBA/J BIT,Exp,F,"9,48",Both,D,D,5-Jan-24,24-Jan-24,14-Mar-24,230046685,CBA/J BIT,230046688,CBA/J BIT,38591,,,,6-Mar-24,12-Mar-24,9-Mar-24,14-Mar-24
Exp229,240004160,E415,N8,Exp,M,"9,15",L,D,,2-Jan-24,25-Jan-24,14-Mar-24,230044156,N7,230047178,C57BL/6J CU,38669,,,,7-Mar-24,No VR,10-Mar-24,14-Mar-24
Exp229,240004176,C87,CBA/J BIT,Exp,M,"6,00",Both,D,D,5-Jan-24,25-Jan-24,14-Mar-24,230046686,CBA/J BIT,230046689,CBA/J BIT,38592,,,,7-Mar-24,No VR,10-Mar-24,14-Mar-24
Exp231,240004165,E420,N8,Exp,F,"8,24",L,D,,2-Jan-24,25-Jan-24,14-Mar-24,230044156,N7,230047178,C57BL/6J CU,38669,,,,7-Mar-24,No VR,10-Mar-24,14-Mar-24
Exp231,240004177,C88,CBA/J BIT,Exp,F,"7,91",Both,A,A,5-Jan-24,25-Jan-24,14-Mar-24,230046686,CBA/J BIT,230046689,CBA/J BIT,38592,,,,7-Mar-24,No VR,10-Mar-24,14-Mar-24
Exp232,240004166,E421,N8,Exp,F,"7,37",L,D,,2-Jan-24,25-Jan-24,14-Mar-24,230044156,N7,230047178,C57BL/6J CU,38669,,,,7-Mar-24,No VR,10-Mar-24,14-Mar-24
Exp232,240004179,D116,DBA/2J AZM,Exp,F,"7,2",Both,D,D,5-Jan-24,25-Jan-24,14-Mar-24,230046680,DBA/2J AZM,230046683,DBA/2J AZM,38588,,,,7-Mar-24,No VR,10-Mar-24,14-Mar-24
Exp234,240006101,E422,N9,Exp,M,"8,95",L,D,,17-Jan-24,6-Feb-24,22-Mar-24,230036013,N8,230036024,C57BL/6J CU,38377,,,,19-Mar-24,13-Mar-24,22-Mar-24,22-Mar-24
Exp234,240006091,M128,MRL/MpJ CSY,Exp,M,"28,73",Both,D,D,7-Jan-24,6-Feb-24,22-Mar-24,230046691,MRL/MpJ CSY,230046694,MRL/MpJ CSY,38594,,,,19-Mar-24,13-Mar-24,22-Mar-24,22-Mar-24
Exp235,240006102,E423,N9,Exp,M,"10,07",L,D,,17-Jan-24,6-Feb-24,22-Mar-24,230036013,N8,230036024,C57BL/6J CU,38377,,,,19-Mar-24,14-Mar-24,22-Mar-24,22-Mar-24
Exp235,240006097,M134,MRL/MpJ CSY,Exp,M,"27,50",Both,A,D,8-Jan-24,6-Feb-24,22-Mar-24,230046692,MRL/MpJ CSY,230046695,MRL/MpJ CSY,38595,,,,19-Mar-24,14-Mar-24,22-Mar-24,22-Mar-24
Exp237,240006104,E425,N9,Exp,F,"9,00",L,D,,17-Jan-24,6-Feb-24,22-Mar-24,230036013,N8,230036024,C57BL/6J CU,38377,,,,19-Mar-24,18-Mar-24,22-Mar-24,22-Mar-24
Exp237,240006092,M129,MRL/MpJ CSY,Exp,F,"21,87",Both,D,D,7-Jan-24,6-Feb-24,22-Mar-24,230046691,MRL/MpJ CSY,230046694,MRL/MpJ CSY,38594,,,,19-Mar-24,18-Mar-24,22-Mar-24,22-Mar-24
Exp238,240006105,E426,N9,Exp,F,"8,54",L,D,,17-Jan-24,6-Feb-24,22-Mar-24,230036013,N8,230036024,C57BL/6J CU,38377,,,,19-Mar-24,19-Mar-24,22-Mar-24,22-Mar-24
Exp238,240006093,M130,MRL/MpJ CSY,Exp,F,"23,78",Both,D,D,7-Jan-24,6-Feb-24,22-Mar-24,230046691,MRL/MpJ CSY,230046694,MRL/MpJ CSY,38594,,,,19-Mar-24,19-Mar-24,22-Mar-24,22-Mar-24
Exp239,240006106,E427,N9,Exp,F,"8,88",L,D,,17-Jan-24,6-Feb-24,25-Mar-24,230036013,N8,230036024,C57BL/6J CU,38377,,,,19-Mar-24,19-Mar-24,22-Mar-24,25-Mar-24
Exp239,240006094,M131,MRL/MpJ CSY,Exp,F,"22,80",Both,D,D,7-Jan-24,6-Feb-24,25-Mar-24,230046691,MRL/MpJ CSY,230046694,MRL/MpJ CSY,38594,,,,19-Mar-24,19-Mar-24,22-Mar-24,25-Mar-24
Exp240,240006107,E428,N9,Exp,F,"8,51",L,D,,17-Jan-24,6-Feb-24,25-Mar-24,230036013,N8,230036024,C57BL/6J CU,38377,,,,19-Mar-24,20-Mar-24,22-Mar-24,25-Mar-24
Exp240,240006095,M132,MRL/MpJ CSY,Exp,F,"22,82",Both,D,D,7-Jan-24,6-Feb-24,25-Mar-24,230046691,MRL/MpJ CSY,230046694,MRL/MpJ CSY,38594,,,,19-Mar-24,20-Mar-24,22-Mar-24,25-Mar-24
Exp241,240006114,E431,N8,Exp,F,"6,33",L,D,,16-Jan-24,6-Feb-24,25-Mar-24,230047175,C57BL/6J CU,230042632,N7,38655,,,,19-Mar-24,20-Mar-24,22-Mar-24,25-Mar-24
Exp241,240006099,M136,MRL/MpJ CSY,Exp,F,"21,36",Both,D,D,8-Jan-24,6-Feb-24,25-Mar-24,230046692,MRL/MpJ CSY,230046695,MRL/MpJ CSY,38595,,,,19-Mar-24,20-Mar-24,22-Mar-24,25-Mar-24
Exp242,240006115,E432,N8,Exp,F,"6,29",L,D,,16-Jan-24,6-Feb-24,25-Mar-24,230047175,C57BL/6J CU,230042632,N7,38655,,,,19-Mar-24,21-Mar-24,22-Mar-24,25-Mar-24
Exp242,240006100,M137,MRL/MpJ CSY,Exp,F,"23,31",Both,D,D,8-Jan-24,6-Feb-24,25-Mar-24,230046692,MRL/MpJ CSY,230046695,MRL/MpJ CSY,38595,,,,19-Mar-24,21-Mar-24,22-Mar-24,25-Mar-24
Exp245,240006892,E454,N7,Exp,M,"12,52",L,D,,20-Jan-24,15-Feb-24,2-Apr-24,230017814,C57BL/6J CU,230020410,N6,37616,,,,28-Mar-24,No VR,31-Mar-24,2-Apr-24
Exp245,240006910,B197,C57BL/6J CU,Exp,M,"8,88",Both,A,D,28-Jan-24,15-Feb-24,2-Apr-24,230046673,C57BL/6J CU,230046676,C57BL/6J CU,38583,,,,28-Mar-24,No VR,31-Mar-24,2-Apr-24
Exp246,240006889,E441,N8,Exp,F,"10,62",L,D,,21-Jan-24,15-Feb-24,2-Apr-24,230032834,C57BL/6J CU,230032845,N7,38087,,,,28-Mar-24,21-Mar-24,31-Mar-24,2-Apr-24
Exp246,240006919,C90,CBA/J BIT,Exp,F,"9,54",Both,D,D,27-Jan-24,15-Feb-24,2-Apr-24,230046685,CBA/J BIT,230046688,CBA/J BIT,38591,,,,28-Mar-24,21-Mar-24,31-Mar-24,2-Apr-24
Exp247,240006890,E442,N8,Exp,F,"8,40",L,D,,21-Jan-24,15-Feb-24,2-Apr-24,230032834,C57BL/6J CU,230032845,N7,38087,,,,28-Mar-24,25-Mar-24,31-Mar-24,2-Apr-24
Exp247,240006920,C91,CBA/J BIT,Exp,F,"9,09",Both,D,D,27-Jan-24,15-Feb-24,2-Apr-24,230046685,CBA/J BIT,230046688,CBA/J BIT,38591,,,,28-Mar-24,25-Mar-24,31-Mar-24,2-Apr-24
Exp248,240006891,E443,N8,Exp,F,"9,96",L,D,,21-Jan-24,15-Feb-24,2-Apr-24,230032834,C57BL/6J CU,230032845,N7,38087,,,,28-Mar-24,25-Mar-24,31-Mar-24,2-Apr-24
Exp248,240006921,C92,CBA/J BIT,Exp,F,"9,10",Both,D,D,27-Jan-24,15-Feb-24,2-Apr-24,230046685,CBA/J BIT,230046688,CBA/J BIT,38591,,,,28-Mar-24,25-Mar-24,31-Mar-24,2-Apr-24
Exp249,240006905,E449,N9,Exp,F,"9,91",L,D,,24-Jan-24,15-Feb-24,2-Apr-24,230043384,N8,230047179,C57BL/6J CU,38667,,,,28-Mar-24,26-Mar-24,31-Mar-24,2-Apr-24
Exp249,240006923,C94,CBA/J BIT,Exp,F,"11,38",Both,D,D,24-Jan-24,15-Feb-24,2-Apr-24,230046686,CBA/J BIT,230046689,CBA/J BIT,38592,,,,28-Mar-24,26-Mar-24,31-Mar-24,2-Apr-24
Exp250,240006906,E450,N9,Exp,F,"8,15",L,D,,24-Jan-24,15-Feb-24,2-Apr-24,230043384,N8,230047179,C57BL/6J CU,38667,,,,28-Mar-24,26-Mar-24,31-Mar-24,2-Apr-24
Exp250,240006924,C95,CBA/J BIT,Exp,F,"11,57",Both,D,D,24-Jan-24,15-Feb-24,2-Apr-24,230046686,CBA/J BIT,230046689,CBA/J BIT,38592,,,,28-Mar-24,26-Mar-24,31-Mar-24,2-Apr-24
Exp251,240006907,E451,N9,Exp,F,"7,71",L,D,,24-Jan-24,15-Feb-24,4-Apr-24,230043384,N8,230047179,C57BL/6J CU,38667,,,VR incomplete,28-Mar-24,27-Mar-24,31-Mar-24,4-Apr-24
Exp251,240006925,C96,CBA/J BIT,Exp,F,"11,99",Both,A,D,24-Jan-24,15-Feb-24,4-Apr-24,230046686,CBA/J BIT,230046689,CBA/J BIT,38592,,,VR incomplete,28-Mar-24,27-Mar-24,31-Mar-24,4-Apr-24
Exp252,240006908,E452,N9,Exp,F,"8,38",L,D,,24-Jan-24,15-Feb-24,4-Apr-24,230043384,N8,230047179,C57BL/6J CU,38667,,,,28-Mar-24,27-Mar-24,31-Mar-24,4-Apr-24
Exp252,240006926,C97,CBA/J BIT,Exp,F,"10,94",Both,D,D,24-Jan-24,15-Feb-24,4-Apr-24,230046686,CBA/J BIT,230046689,CBA/J BIT,38592,,,,28-Mar-24,27-Mar-24,31-Mar-24,4-Apr-24
Exp253,240006909,E453,N9,Exp,F,"7,69",L,D,,24-Jan-24,15-Feb-24,4-Apr-24,230043384,N8,230047179,C57BL/6J CU,38667,,,,28-Mar-24,No VR,31-Mar-24,4-Apr-24
Exp253,240006911,B198,C57BL/6J CU,Exp,F,"7,43",Both,D,D,28-Jan-24,15-Feb-24,4-Apr-24,230046673,C57BL/6J CU,230046676,C57BL/6J CU,38583,,,,28-Mar-24,No VR,31-Mar-24,4-Apr-24
Exp254,240006896,E458,N7,Exp,F,"11,56",L,D,,20-Jan-24,15-Feb-24,4-Apr-24,230017814,C57BL/6J CU,230020410,N6,37616,,,,28-Mar-24,No VR,31-Mar-24,4-Apr-24
Exp254,240006912,B199,C57BL/6J CU,Exp,F,"7,94",Both,D,D,28-Jan-24,15-Feb-24,4-Apr-24,230046673,C57BL/6J CU,230046676,C57BL/6J CU,38583,,,,28-Mar-24,No VR,31-Mar-24,4-Apr-24
Exp255,240006897,E459,N7,Exp,F,"11,24",L,D,,20-Jan-24,15-Feb-24,4-Apr-24,230017814,C57BL/6J CU,230020410,N6,37616,,,,28-Mar-24,No VR,31-Mar-24,4-Apr-24
Exp255,240006913,B200,C57BL/6J CU,Exp,F,"7,77",Both,D,D,28-Jan-24,15-Feb-24,4-Apr-24,230046673,C57BL/6J CU,230046676,C57BL/6J CU,38583,,,,28-Mar-24,No VR,31-Mar-24,4-Apr-24
Exp256,240006898,E460,N7,Exp,F,"11,48",L,D,,20-Jan-24,15-Feb-24,4-Apr-24,230017814,C57BL/6J CU,230020410,N6,37616,,,,28-Mar-24,No VR,31-Mar-24,4-Apr-24
Exp256,240006914,B201,C57BL/6J CU,Exp,F,"7,58",Both,A,D,28-Jan-24,15-Feb-24,4-Apr-24,230046673,C57BL/6J CU,230046676,C57BL/6J CU,38583,,,,28-Mar-24,No VR,31-Mar-24,4-Apr-24
Exp258,240007966,E463,N8,Exp,F,"12,92",L,D,,31-Jan-24,23-Feb-24,8-Apr-24,230047491,C57BL/6J CU,230050184,N7,38804,,,,5-Apr-24,3-Apr-24,8-Apr-24,8-Apr-24
Exp258,240007976,M139,MRL/MpJ CSY,Exp,F,"16,23",Both,D,D,5-Feb-24,23-Feb-24,8-Apr-24,230046690,MRL/MpJ CSY,230046693,MRL/MpJ CSY,38593,,,Snout without hair,5-Apr-24,3-Apr-24,8-Apr-24,8-Apr-24
Exp259,240007967,E464,N8,Exp,F,"11,05",L,D,,31-Jan-24,23-Feb-24,8-Apr-24,230047491,C57BL/6J CU,230050184,N7,38804,,,,5-Apr-24,3-Apr-24,8-Apr-24,8-Apr-24
Exp259,240007977,M140,MRL/MpJ CSY,Exp,F,"15,67",Both,D,D,5-Feb-24,23-Feb-24,8-Apr-24,230046690,MRL/MpJ CSY,230046693,MRL/MpJ CSY,38593,,,,5-Apr-24,3-Apr-24,8-Apr-24,8-Apr-24
Exp260,240007971,E468,N8,Exp,F,"11,16",L,D,,31-Jan-24,23-Feb-24,8-Apr-24,230054670,C57BL/6J CU,230050186,N7,38806,,,,5-Apr-24,4-Apr-24,8-Apr-24,8-Apr-24
Exp260,240007978,M141,MRL/MpJ CSY,Exp,F,"16,37",Both,D,D,2-Feb-24,23-Feb-24,8-Apr-24,230046692,MRL/MpJ CSY,230046695,MRL/MpJ CSY,38595,,,,5-Apr-24,4-Apr-24,8-Apr-24,8-Apr-24
Exp261,240007972,E469,N8,Exp,F,"11,06",L,D,,31-Jan-24,23-Feb-24,8-Apr-24,230054670,C57BL/6J CU,230050186,N7,38806,,,,5-Apr-24,4-Apr-24,8-Apr-24,8-Apr-24
Exp261,240007979,M142,MRL/MpJ CSY,Exp,F,"17,01",Both,D,D,2-Feb-24,23-Feb-24,8-Apr-24,230046692,MRL/MpJ CSY,230046695,MRL/MpJ CSY,38595,,,,5-Apr-24,4-Apr-24,8-Apr-24,8-Apr-24
Exp262,240007973,E470,N8,Exp,F,"9,24",L,D,,31-Jan-24,23-Feb-24,8-Apr-24,230054670,C57BL/6J CU,230050186,N7,38806,,,,5-Apr-24,No VR,8-Apr-24,8-Apr-24
Exp262,240007980,M143,MRL/MpJ CSY,Exp,F,"16,55",Both,D,D,2-Feb-24,23-Feb-24,8-Apr-24,230046692,MRL/MpJ CSY,230046695,MRL/MpJ CSY,38595,,,,5-Apr-24,No VR,8-Apr-24,8-Apr-24
Exp264,240009671,E472,N8,Exp,M,"12,10",L,D,,10-Feb-24,6-Mar-24,22-Apr-24,230047175,C57BL/6J CU,230042632,N7,38655,,,,17-Apr-24,No VR,20-Apr-24,22-Apr-24
Exp264,240009660,B205,C57BL/6J CU,Exp,M,"6,96",Both,D,D,12-Feb-24,6-Mar-24,22-Apr-24,230036022,C57BL/6J CU,230036025,C57BL/6J CU,38356,,,,17-Apr-24,No VR,20-Apr-24,22-Apr-24
Exp265,240009675,E477,N8,Exp,M,"9,66",L,D,,12-Feb-24,6-Mar-24,22-Apr-24,230047176,C57BL/6J CU,230042634,N7,38656,,,,17-Apr-24,No VR,20-Apr-24,22-Apr-24
Exp265,240009661,B206,C57BL/6J CU,Exp,M,"7,27",Both,D,D,12-Feb-24,6-Mar-24,22-Apr-24,230036022,C57BL/6J CU,230036025,C57BL/6J CU,38356,,,,17-Apr-24,No VR,20-Apr-24,22-Apr-24
Exp266,240009676,E478,N8,Exp,M,"11,74",L,D,,12-Feb-24,6-Mar-24,22-Apr-24,230047176,C57BL/6J CU,230042634,N7,38656,,,,17-Apr-24,No VR,20-Apr-24,22-Apr-24
Exp266,240009662,B207,C57BL/6J CU,Exp,M,"6,90",Both,D,D,12-Feb-24,6-Mar-24,22-Apr-24,230036022,C57BL/6J CU,230036025,C57BL/6J CU,38356,,,,17-Apr-24,No VR,20-Apr-24,22-Apr-24
Exp267,240009672,E474,N8,Exp,F,"13,38",L,D,,10-Feb-24,6-Mar-24,22-Apr-24,230047175,C57BL/6J CU,230042632,N7,38655,,,VR failed,17-Apr-24,8-Apr-24,20-Apr-24,22-Apr-24
Exp267,240009685,D121,DBA/2J AZM,Exp,F,"10,07",Both,D,D,9-Feb-24,6-Mar-24,22-Apr-24,230023912,DBA/2J AZM,230022677,DBA/2J AZM,37747,,,VR failed,17-Apr-24,8-Apr-24,20-Apr-24,22-Apr-24
Exp268,240009673,E475,N8,Exp,F,"10,81",L,D,,10-Feb-24,6-Mar-24,22-Apr-24,230047175,C57BL/6J CU,230042632,N7,38655,,,,17-Apr-24,No VR,20-Apr-24,22-Apr-24
Exp268,240009665,B210,C57BL/6J CU,Exp,F,"6,88",Both,D,D,12-Feb-24,6-Mar-24,22-Apr-24,230036022,C57BL/6J CU,230036025,C57BL/6J CU,38356,,,,17-Apr-24,No VR,20-Apr-24,22-Apr-24
Exp269,240009674,E476,N8,Exp,F,"11,69",L,D,,10-Feb-24,6-Mar-24,22-Apr-24,230047175,C57BL/6J CU,230042632,N7,38655,,,,17-Apr-24,No VR,20-Apr-24,22-Apr-24
Exp269,240009666,B211,C57BL/6J CU,Exp,F,"6,87",Both,D,D,12-Feb-24,6-Mar-24,22-Apr-24,230036022,C57BL/6J CU,230036025,C57BL/6J CU,38356,,,,17-Apr-24,No VR,20-Apr-24,22-Apr-24
Exp270,240009680,E482,N8,Exp,F,"10,47",L,D,,12-Feb-24,6-Mar-24,22-Apr-24,230047176,C57BL/6J CU,230042634,N7,38656,,,,17-Apr-24,No VR,20-Apr-24,22-Apr-24
Exp270,240009667,B212,C57BL/6J CU,Exp,F,"7,39",Both,D,D,12-Feb-24,6-Mar-24,22-Apr-24,230036022,C57BL/6J CU,230036025,C57BL/6J CU,38356,,,,17-Apr-24,No VR,20-Apr-24,22-Apr-24
Exp271,240009681,E483,N8,Exp,F,"9,46",L,D,,12-Feb-24,6-Mar-24,22-Apr-24,230047176,C57BL/6J CU,230042634,N7,38656,,,,17-Apr-24,No VR,20-Apr-24,22-Apr-24
Exp271,240009668,B213,C57BL/6J CU,Exp,F,"6,80",Both,D,D,12-Feb-24,6-Mar-24,22-Apr-24,230036022,C57BL/6J CU,230036025,C57BL/6J CU,38356,,,,17-Apr-24,No VR,20-Apr-24,22-Apr-24
Exp272,240009682,E484,N8,Exp,F,"10,93",L,D,,12-Feb-24,6-Mar-24,23-Apr-24,230047176,C57BL/6J CU,230042634,N7,38656,,,,17-Apr-24,No VR,20-Apr-24,23-Apr-24
Exp272,240009669,B214,C57BL/6J CU,Exp,F,"6,87",Both,D,D,12-Feb-24,6-Mar-24,23-Apr-24,230036022,C57BL/6J CU,230036025,C57BL/6J CU,38356,,,,17-Apr-24,No VR,20-Apr-24,23-Apr-24
Exp273,240009941,E486,N7,Exp,M,"12,49",L,D,,12-Feb-24,8-Mar-24,23-Apr-24,230017806,N6,230028831,WT,37588,,,VR failed,19-Apr-24,8-Apr-24,22-Apr-24,23-Apr-24
Exp273,240009949,D122,DBA/2J AZM,Exp,M,"16,70",Both,D,D,10-Feb-24,8-Mar-24,23-Apr-24,230033982,DBA/2J AZM,230033508,DBA/2J AZM,38171,,,VR failed,19-Apr-24,8-Apr-24,22-Apr-24,23-Apr-24
Exp274,240009971,E494,N8,Exp,M,"7,00",L,D,,15-Feb-24,8-Mar-24,23-Apr-24,230044156,N7,230047178,C57BL/6J CU,38669,,,,19-Apr-24,9-Apr-24,22-Apr-24,23-Apr-24
Exp274,240009950,D123,DBA/2J AZM,Exp,M,"16,44",Both,D,D,10-Feb-24,8-Mar-24,23-Apr-24,230033982,DBA/2J AZM,230033508,DBA/2J AZM,38171,,,,19-Apr-24,9-Apr-24,22-Apr-24,23-Apr-24
Exp275,240009972,E495,N8,Exp,M,"6,34",L,D,,15-Feb-24,8-Mar-24,23-Apr-24,230044156,N7,230047178,C57BL/6J CU,38669,,,,19-Apr-24,9-Apr-24,22-Apr-24,23-Apr-24
Exp275,240009951,D124,DBA/2J AZM,Exp,M,"14,62",Both,D,D,10-Feb-24,8-Mar-24,23-Apr-24,230033982,DBA/2J AZM,230033508,DBA/2J AZM,38171,,,IBA: Opacity in right eye (02/04),19-Apr-24,9-Apr-24,22-Apr-24,23-Apr-24
Exp276,240009962,E503,N8,Exp,M,"7,93",L,D,,14-Feb-24,8-Mar-24,24-Apr-24,230047492,C57BL/6J CU,230050185,N7,38805,,,,19-Apr-24,No VR,22-Apr-24,24-Apr-24
Exp276,240009953,B215,C57BL/6J CU,Exp,M,"12,40",Both,D,D,12-Feb-24,8-Mar-24,24-Apr-24,230046672,C57BL/6J CU,230046675,C57BL/6J CU,38582,,,,19-Apr-24,No VR,22-Apr-24,24-Apr-24
Exp278,240009964,E505,N8,Exp,M,"8,58",L,D,,14-Feb-24,8-Mar-24,24-Apr-24,230047492,C57BL/6J CU,230050185,N7,38805,,,,19-Apr-24,No VR,22-Apr-24,24-Apr-24
Exp278,240009955,B217,C57BL/6J CU,Exp,M,"10,77",Both,A,D,12-Feb-24,8-Mar-24,24-Apr-24,230046672,C57BL/6J CU,230046675,C57BL/6J CU,38582,,,,19-Apr-24,No VR,22-Apr-24,24-Apr-24
Exp279,240009965,E506,N8,Exp,M,"8,04",L,D,,14-Feb-24,8-Mar-24,24-Apr-24,230047492,C57BL/6J CU,230050185,N7,38805,,,,19-Apr-24,No VR,22-Apr-24,24-Apr-24
Exp279,240009956,B218,C57BL/6J CU,Exp,M,"13,44",Both,D,D,12-Feb-24,8-Mar-24,24-Apr-24,230046672,C57BL/6J CU,230046675,C57BL/6J CU,38582,,,,19-Apr-24,No VR,22-Apr-24,24-Apr-24
Exp280,240009946,E491,N7,Exp,F,"8,80",L,D,,12-Feb-24,8-Mar-24,24-Apr-24,230017806,N6,230028831,WT,37588,,,No VR: Jax app failed to log in,19-Apr-24,No VR,22-Apr-24,24-Apr-24
Exp280,240009952,D125,DBA/2J AZM,Exp,F,"14,56",Both,D,D,10-Feb-24,8-Mar-24,24-Apr-24,230033982,DBA/2J AZM,230033508,DBA/2J AZM,38171,,,No VR: Jax app failed to log in,19-Apr-24,No VR,22-Apr-24,24-Apr-24
Exp281,240009947,E492,N7,Exp,F,"9,07",L,D,,12-Feb-24,8-Mar-24,24-Apr-24,230017806,N6,230028831,WT,37588,,,,19-Apr-24,No VR,22-Apr-24,24-Apr-24
Exp281,240009957,B219,C57BL/6J CU,Exp,F,"11,48",Both,D,D,12-Feb-24,8-Mar-24,24-Apr-24,230046672,C57BL/6J CU,230046675,C57BL/6J CU,38582,,,,19-Apr-24,No VR,22-Apr-24,24-Apr-24
Exp282,240009966,E507,N8,Exp,F,"7,96",L,D,,14-Feb-24,8-Mar-24,24-Apr-24,230047492,C57BL/6J CU,230050185,N7,38805,,,,19-Apr-24,No VR,22-Apr-24,24-Apr-24
Exp282,240009958,B220,C57BL/6J CU,Exp,F,"11,50",Both,D,D,12-Feb-24,8-Mar-24,24-Apr-24,230046672,C57BL/6J CU,230046675,C57BL/6J CU,38582,,,,19-Apr-24,No VR,22-Apr-24,24-Apr-24
Exp283,240009967,E508,N8,Exp,F,"7,60",L,D,,14-Feb-24,8-Mar-24,25-Apr-24,230047492,C57BL/6J CU,230050185,N7,38805,,,,19-Apr-24,No VR,22-Apr-24,25-Apr-24
Exp283,240009959,B221,C57BL/6J CU,Exp,F,"11,53",Both,D,D,12-Feb-24,8-Mar-24,25-Apr-24,230046672,C57BL/6J CU,230046675,C57BL/6J CU,38582,,,,19-Apr-24,No VR,22-Apr-24,25-Apr-24
Exp284,240010207,E512,N10,Exp,M,"7,48",L,D,,21-Feb-24,12-Mar-24,25-Apr-24,240001468,N9,240001066,C57BL/6J CU,38914,,,No VR: Jax app failed to log in,23-Apr-24,No VR,26-Apr-24,25-Apr-24
Exp284,240010200,D126,DBA/2J AZM,Exp,M,"11,77",Both,D,D,11-Feb-24,12-Mar-24,25-Apr-24,230046680,DBA/2J AZM,230046683,DBA/2J AZM,38588,,,No VR: Jax app failed to log in,23-Apr-24,No VR,26-Apr-24,25-Apr-24
Exp285,240010208,E513,N10,Exp,M,"8,51",L,D,,21-Feb-24,12-Mar-24,25-Apr-24,240001468,N9,240001066,C57BL/6J CU,38914,,,No VR: troubleshooting,23-Apr-24,No VR,26-Apr-24,25-Apr-24
Exp285,240010201,D127,DBA/2J AZM,Exp,M,"12,69",Both,D,D,11-Feb-24,12-Mar-24,25-Apr-24,230046680,DBA/2J AZM,230046683,DBA/2J AZM,38588,,,No VR: troubleshooting,23-Apr-24,No VR,26-Apr-24,25-Apr-24
Exp286,240010209,E514,N10,Exp,M,"8,34",L,D,,21-Feb-24,12-Mar-24,25-Apr-24,240001468,N9,240001066,C57BL/6J CU,38914,,,No VR: troubleshooting,23-Apr-24,No VR,26-Apr-24,25-Apr-24
Exp286,240010202,D128,DBA/2J AZM,Exp,M,"13,30",Both,D,D,11-Feb-24,12-Mar-24,25-Apr-24,230046680,DBA/2J AZM,230046683,DBA/2J AZM,38588,,,No VR: troubleshooting,23-Apr-24,No VR,26-Apr-24,25-Apr-24
Exp288,240010213,E518,N10,Exp,F,"7,47",L,D,,21-Feb-24,12-Mar-24,25-Apr-24,240001468,N9,240001066,C57BL/6J CU,38914,,,,23-Apr-24,17-Apr-24,26-Apr-24,25-Apr-24
Exp288,240010204,D130,DBA/2J AZM,Exp,F,"13,08",Both,D,D,11-Feb-24,12-Mar-24,25-Apr-24,230046680,DBA/2J AZM,230046683,DBA/2J AZM,38588,,,,23-Apr-24,17-Apr-24,26-Apr-24,25-Apr-24
Exp289,240010214,E519,N10,Exp,F,"6,68",L,D,,21-Feb-24,12-Mar-24,25-Apr-24,240001468,N9,240001066,C57BL/6J CU,38914,,,,23-Apr-24,17-Apr-24,26-Apr-24,25-Apr-24
Exp289,240010205,D131,DBA/2J AZM,Exp,F,"13,53",Both,D,D,11-Feb-24,12-Mar-24,25-Apr-24,230046680,DBA/2J AZM,230046683,DBA/2J AZM,38588,,,,23-Apr-24,17-Apr-24,26-Apr-24,25-Apr-24
Exp290,240010215,E520,N10,Exp,F,"6,81",L,D,,21-Feb-24,12-Mar-24,25-Apr-24,240001468,N9,240001066,C57BL/6J CU,38914,,,IBA: ocular problems,23-Apr-24,22-Apr-24,26-Apr-24,25-Apr-24
Exp290,240010206,D132,DBA/2J AZM,Exp,F,"13,68",Both,D,D,11-Feb-24,12-Mar-24,25-Apr-24,230046680,DBA/2J AZM,230046683,DBA/2J AZM,38588,,,,23-Apr-24,22-Apr-24,26-Apr-24,25-Apr-24
Exp291,240010570,E521,N10,Exp,M,"6,00",L,D,,23-Feb-24,13-Mar-24,29-Apr-24,240001469,N9,240001067,C57BL/6J CU,38915,,,,24-Apr-24,22-Apr-24,27-Apr-24,29-Apr-24
Exp291,240010554,C98,CBA/J BIT,Exp,M,"15,25",Both,D,D,17-Feb-24,13-Mar-24,29-Apr-24,230046684,CBA/J BIT,230046687,CBA/J BIT,38590,,,,24-Apr-24,22-Apr-24,27-Apr-24,29-Apr-24
Exp292,240010571,E522,N10,Exp,M,"6,72",L,D,,23-Feb-24,13-Mar-24,29-Apr-24,240001469,N9,240001067,C57BL/6J CU,38915,,,,24-Apr-24,23-Apr-24,27-Apr-24,29-Apr-24
Exp292,240010544,C100,CBA/J BIT,Exp,M,"11,74",Both,D,D,16-Feb-24,13-Mar-24,29-Apr-24,230046685,CBA/J BIT,230046688,CBA/J BIT,38591,,,,24-Apr-24,23-Apr-24,27-Apr-24,29-Apr-24
Exp293,240010572,E523,N10,Exp,M,"6,73",L,D,,23-Feb-24,13-Mar-24,29-Apr-24,240001469,N9,240001067,C57BL/6J CU,38915,,,,24-Apr-24,23-Apr-24,27-Apr-24,29-Apr-24
Exp293,240010545,C101,CBA/J BIT,Exp,M,"11,27",Both,D,D,16-Feb-24,13-Mar-24,29-Apr-24,230046685,CBA/J BIT,230046688,CBA/J BIT,38591,,,,24-Apr-24,23-Apr-24,27-Apr-24,29-Apr-24
Exp294,240010573,E524,N10,Exp,M,"6,82",L,D,,23-Feb-24,13-Mar-24,29-Apr-24,240001469,N9,240001067,C57BL/6J CU,38915,,,,24-Apr-24,24-Apr-24,27-Apr-24,29-Apr-24
Exp294,240010546,C102,CBA/J BIT,Exp,M,"11,65",Both,D,D,16-Feb-24,13-Mar-24,29-Apr-24,230046685,CBA/J BIT,230046688,CBA/J BIT,38591,,,,24-Apr-24,24-Apr-24,27-Apr-24,29-Apr-24
Exp295,240010574,E525,N10,Exp,M,"6,73",L,D,,23-Feb-24,13-Mar-24,30-Apr-24,240001469,N9,240001067,C57BL/6J CU,38915,,,,24-Apr-24,24-Apr-24,27-Apr-24,30-Apr-24
Exp295,240010547,C103,CBA/J BIT,Exp,M,"11,80",Both,D,D,16-Feb-24,13-Mar-24,30-Apr-24,230046685,CBA/J BIT,230046688,CBA/J BIT,38591,,,,24-Apr-24,24-Apr-24,27-Apr-24,30-Apr-24
Exp296,240010556,E528,N8,Exp,M,"6,81",L,D,,22-Feb-24,13-Mar-24,30-Apr-24,230044155,N7,230047177,C57BL/6J CU,38668,,,,24-Apr-24,25-Apr-24,27-Apr-24,30-Apr-24
Exp296,240010548,C104,CBA/J BIT,Exp,M,"12,63",Both,D,D,16-Feb-24,13-Mar-24,30-Apr-24,230046685,CBA/J BIT,230046688,CBA/J BIT,38591,,,,24-Apr-24,25-Apr-24,27-Apr-24,30-Apr-24
Exp297,240010557,E529,N8,Exp,M,"6,93",L,D,,22-Feb-24,13-Mar-24,30-Apr-24,230044155,N7,230047177,C57BL/6J CU,38668,,,,24-Apr-24,25-Apr-24,27-Apr-24,30-Apr-24
Exp297,240010552,C108,CBA/J BIT,Exp,M,"6,81",Both,D,D,16-Feb-24,13-Mar-24,30-Apr-24,230046686,CBA/J BIT,230046689,CBA/J BIT,38592,,,,24-Apr-24,25-Apr-24,27-Apr-24,30-Apr-24
Exp298,240010558,E530,N8,Exp,M,"6,29",L,D,,22-Feb-24,13-Mar-24,30-Apr-24,230044155,N7,230047177,C57BL/6J CU,38668,,,,24-Apr-24,No VR,27-Apr-24,30-Apr-24
Exp298,240010565,M144,MRL/MpJ CSY,Exp,M,"16,02",Both,D,D,22-Feb-24,13-Mar-24,30-Apr-24,230046691,MRL/MpJ CSY,230046694,MRL/MpJ CSY,38594,,,,24-Apr-24,No VR,27-Apr-24,30-Apr-24
Exp299,240010559,E531,N8,Exp,M,"6,90",L,D,,22-Feb-24,13-Mar-24,30-Apr-24,230044155,N7,230047177,C57BL/6J CU,38668,,,,24-Apr-24,No VR,27-Apr-24,30-Apr-24
Exp299,240010566,M145,MRL/MpJ CSY,Exp,M,"18,69",Both,D,D,22-Feb-24,13-Mar-24,30-Apr-24,230046691,MRL/MpJ CSY,230046694,MRL/MpJ CSY,38594,,,,24-Apr-24,No VR,27-Apr-24,30-Apr-24
Exp300,240010575,E526,N10,Exp,F,"7,00",L,D,,23-Feb-24,13-Mar-24,30-Apr-24,240001469,N9,240001067,C57BL/6J CU,38915,,,,24-Apr-24,No VR,27-Apr-24,30-Apr-24
Exp300,240010555,C99,CBA/J BIT,Exp,M,"13,99",Both,D,D,17-Feb-24,13-Mar-24,30-Apr-24,230046684,CBA/J BIT,230046687,CBA/J BIT,38590,,,,24-Apr-24,No VR,27-Apr-24,30-Apr-24
Exp301,240010576,E527,N10,Exp,F,"6,50",L,D,,23-Feb-24,13-Mar-24,3-May-24,240001469,N9,240001067,C57BL/6J CU,38915,,,,24-Apr-24,29-Apr-24,27-Apr-24,3-May-24
Exp301,240010550,C105,CBA/J BIT,Exp,F,"10,90",Both,D,D,16-Feb-24,13-Mar-24,3-May-24,230046685,CBA/J BIT,230046688,CBA/J BIT,38591,,,,24-Apr-24,29-Apr-24,27-Apr-24,3-May-24
Exp302,240010560,E532,N8,Exp,F,"6,08",L,D,,22-Feb-24,13-Mar-24,3-May-24,230044155,N7,230047177,C57BL/6J CU,38668,,,,24-Apr-24,29-Apr-24,27-Apr-24,3-May-24
Exp302,240010549,C106,CBA/J BIT,Exp,F,"10,87",Both,D,D,16-Feb-24,13-Mar-24,3-May-24,230046685,CBA/J BIT,230046688,CBA/J BIT,38591,,,,24-Apr-24,29-Apr-24,27-Apr-24,3-May-24
Exp303,240010561,E533,N8,Exp,F,"6,12",L,D,,22-Feb-24,13-Mar-24,3-May-24,230044155,N7,230047177,C57BL/6J CU,38668,,,IBA: ocular problems (25/04),24-Apr-24,No VR ,27-Apr-24,3-May-24
Exp303,240010551,C107,CBA/J BIT,Exp,F,"10,75",Both,D,D,16-Feb-24,13-Mar-24,3-May-24,230046685,CBA/J BIT,230046688,CBA/J BIT,38591,,,,24-Apr-24,No VR ,27-Apr-24,3-May-24
Exp304,240010562,E534,N8,Exp,F,"6,63",L,D,,22-Feb-24,13-Mar-24,3-May-24,230044155,N7,230047177,C57BL/6J CU,38668,,,IBA: ocular problems (25/04),24-Apr-24,No VR ,27-Apr-24,3-May-24
Exp304,240010553,C109,CBA/J BIT,Exp,F,"8,32",Both,D,D,16-Feb-24,13-Mar-24,3-May-24,230046686,CBA/J BIT,230046689,CBA/J BIT,38592,,,,24-Apr-24,No VR ,27-Apr-24,3-May-24
Exp305,240010563,E535,N8,Exp,F,"6,08",L,D,,22-Feb-24,13-Mar-24,3-May-24,230044155,N7,230047177,C57BL/6J CU,38668,,,,24-Apr-24,No VR ,27-Apr-24,3-May-24
Exp305,240010567,M146,MRL/MpJ CSY,Exp,F,"17,47",Both,A,D,22-Feb-24,13-Mar-24,3-May-24,230046691,MRL/MpJ CSY,230046694,MRL/MpJ CSY,38594,,,,24-Apr-24,No VR ,27-Apr-24,3-May-24
Exp307,240012001,E538,N8,Exp,M,"7,89",L,D,,6-Mar-24,26-Mar-24,13-May-24,230032834,C57BL/6J CU,230032845,N7,38087,,,,7-May-24,No VR ,10-May-24,13-May-24
Exp307,240011992,B229,C57BL/6J CU,Exp,M,"8,79",Both,D,D,5-Mar-24,26-Mar-24,13-May-24,240001478,C57BL/6J CU,240002952,C57BL/6J CU,38929,,,,7-May-24,No VR ,10-May-24,13-May-24
Exp308,240011982,E546,N8,Exp,M,"10,79",L,D,,4-Mar-24,26-Mar-24,13-May-24,230036021,C57BL/6J CU,230032848,N7,38384,,,,7-May-24,No VR ,10-May-24,13-May-24
Exp308,240011993,B230,C57BL/6J CU,Exp,M,"8,12",Both,D,D,5-Mar-24,26-Mar-24,13-May-24,240001478,C57BL/6J CU,240002952,C57BL/6J CU,38929,,,,7-May-24,No VR ,10-May-24,13-May-24
Exp309,240011983,E547,N8,Exp,M,"10,22",L,D,,4-Mar-24,26-Mar-24,13-May-24,230036021,C57BL/6J CU,230032848,N7,38384,,,,7-May-24,No VR ,10-May-24,13-May-24
Exp309,240011994,B231,C57BL/6J CU,Exp,M,"6,86",Both,D,D,5-Mar-24,26-Mar-24,13-May-24,240001478,C57BL/6J CU,240002952,C57BL/6J CU,38929,,,,7-May-24,No VR ,10-May-24,13-May-24
Exp310,240012004,E541,N8,Exp,F,"6,80",L,D,,6-Mar-24,26-Mar-24,13-May-24,230032834,C57BL/6J CU,230032845,N7,38087,,,"NO VR, equipment did not log in",7-May-24,2-May-24,10-May-24,13-May-24
Exp310,240011986,D134,DBA/2J AZM,Exp,F,"11,80",Both,D,D,4-Mar-24,26-Mar-24,13-May-24,230023912,DBA/2J AZM,230022677,DBA/2J AZM,37747,,,"NO VR, equipment did not log in",7-May-24,2-May-24,10-May-24,13-May-24
Exp311,240012005,E542,N8,Exp,F,"7,05",L,D,,6-Mar-24,26-Mar-24,13-May-24,230032834,C57BL/6J CU,230032845,N7,38087,,,"NO VR, equipment did not log in",7-May-24,6-May-24,10-May-24,13-May-24
Exp311,240011987,D146,DBA/2J AZM,Exp,F,"8,52",Both,D,D,5-Mar-24,26-Mar-24,13-May-24,240001487,DBA/2J AZM,240001088,DBA/2J AZM,38924,,,"NO VR, equipment did not log in",7-May-24,6-May-24,10-May-24,13-May-24
Exp312,240012006,E543,N8,Exp,F,"7,64",L,D,,6-Mar-24,26-Mar-24,13-May-24,230032834,C57BL/6J CU,230032845,N7,38087,,,"NO VR, equipment did not log in",7-May-24,6-May-24,10-May-24,13-May-24
Exp312,240011988,D147,DBA/2J AZM,Exp,F,"10,11",Both,D,D,5-Mar-24,26-Mar-24,13-May-24,240001487,DBA/2J AZM,240001088,DBA/2J AZM,38924,,,"NO VR, equipment did not log in",7-May-24,6-May-24,10-May-24,13-May-24
Exp313,240012007,E544,N8,Exp,F,"7,48",L,D,,6-Mar-24,26-Mar-24,13-May-24,230032834,C57BL/6J CU,230032845,N7,38087,,,,7-May-24,7-May-24,10-May-24,13-May-24
Exp313,240011989,D148,DBA/2J AZM,Exp,F,"10,53",Both,D,D,5-Mar-24,26-Mar-24,13-May-24,240001487,DBA/2J AZM,240001088,DBA/2J AZM,38924,,,,7-May-24,7-May-24,10-May-24,13-May-24
Exp314,240012008,E545,N8,Exp,F,"6,55",L,D,,6-Mar-24,26-Mar-24,13-May-24,230032834,C57BL/6J CU,230032845,N7,38087,,,,7-May-24,7-May-24,10-May-24,13-May-24
Exp314,240011990,D149,DBA/2J AZM,Exp,F,"9,48",Both,D,D,5-Mar-24,26-Mar-24,13-May-24,240001487,DBA/2J AZM,240001088,DBA/2J AZM,38924,,,IBA: Opacity in left eye (28/03),7-May-24,7-May-24,10-May-24,13-May-24
Exp315,240011984,E548,N8,Exp,F,"10,04",L,D,,4-Mar-24,26-Mar-24,14-May-24,230036021,C57BL/6J CU,230032848,N7,38384,,,,7-May-24,8-May-24,10-May-24,14-May-24
Exp315,240011990,D150,DBA/2J AZM,Exp,F,"9,86",Both,D,D,5-Mar-24,26-Mar-24,14-May-24,240001487,DBA/2J AZM,240001088,DBA/2J AZM,38924,,,IBA: ocular problems (02/05),7-May-24,8-May-24,10-May-24,14-May-24
Exp317,240012252,E550,N8,Exp,M,"6,37",L,D,,6-Mar-24,27-Mar-24,14-May-24,230047491,C57BL/6J CU,230050184,N7,38804,,,,8-May-24,9-May-24,11-May-24,14-May-24
Exp317,240012226,D136,DBA/2J AZM,Exp,M,"12,86",Both,D,D,4-Mar-24,27-Mar-24,14-May-24,230033982,DBA/2J AZM,230033508,DBA/2J AZM,38171,,,,8-May-24,9-May-24,11-May-24,14-May-24
Exp318,240012253,E551,N8,Exp,M,"6,35",L,D,,6-Mar-24,27-Mar-24,14-May-24,230047491,C57BL/6J CU,230050184,N7,38804,,,,8-May-24,9-May-24,11-May-24,14-May-24
Exp318,240012227,D137,DBA/2J AZM,Exp,M,"13,55",Both,D,D,4-Mar-24,27-Mar-24,14-May-24,230033982,DBA/2J AZM,230033508,DBA/2J AZM,38171,,,,8-May-24,9-May-24,11-May-24,14-May-24
Exp319,240012254,E552,N8,Exp,M,"6,58",L,D,,6-Mar-24,27-Mar-24,14-May-24,230047491,C57BL/6J CU,230050184,N7,38804,,,,8-May-24,No VR,11-May-24,14-May-24
Exp319,240012245,D140,DBA/2J AZM,Exp,M,"13,73",Both,D,D,28-Feb-24,27-Mar-24,14-May-24,230046679,DBA/2J AZM,230046682,DBA/2J AZM,38586,,,IBA: Opacity in right eye (28/03),8-May-24,No VR,11-May-24,14-May-24
Exp320,240012255,E553,N8,Exp,M,"6,77",L,D,,6-Mar-24,27-Mar-24,14-May-24,230047491,C57BL/6J CU,230050184,N7,38804,,,,8-May-24,No VR,11-May-24,14-May-24
Exp320,240012246,D141,DBA/2J AZM,Exp,M,"13,83",Both,D,D,28-Feb-24,27-Mar-24,14-May-24,230046679,DBA/2J AZM,230046682,DBA/2J AZM,38586,,,,8-May-24,No VR,11-May-24,14-May-24
Exp321,240012256,E554,N8,Exp,M,"7,10",L,D,,6-Mar-24,27-Mar-24,14-May-24,230047491,C57BL/6J CU,230050184,N7,38804,,,,8-May-24,No VR,11-May-24,14-May-24
Exp321,240012247,D142,DBA/2J AZM,Exp,M,"14,71",Both,D,D,28-Feb-24,27-Mar-24,14-May-24,230046679,DBA/2J AZM,230046682,DBA/2J AZM,38586,,,,8-May-24,No VR,11-May-24,14-May-24
Exp322,240012257,E555,N8,Exp,M,"6,92",L,D,,6-Mar-24,27-Mar-24,14-May-24,230047491,C57BL/6J CU,230050184,N7,38804,,,,8-May-24,No VR,11-May-24,14-May-24
Exp322,240012248,D143,DBA/2J AZM,Exp,M,"9,25",Both,D,D,28-Feb-24,27-Mar-24,14-May-24,230046679,DBA/2J AZM,230046682,DBA/2J AZM,38586,,,IBA: ocular problems (02/05). Vestibular syndrome (09/05),8-May-24,No VR,11-May-24,14-May-24
Exp323,240012258,E556,N8,Exp,F,"6,22",L,D,,6-Mar-24,27-Mar-24,17-May-24,230047491,C57BL/6J CU,230050184,N7,38804,,,IBA: ocular problems (02/05). No Vr: noise in next room,8-May-24,13-May-24,11-May-24,17-May-24
Exp323,240012228,D138,DBA/2J AZM,Exp,F,"13,32",Both,D,D,4-Mar-24,27-Mar-24,17-May-24,230033982,DBA/2J AZM,230033508,DBA/2J AZM,38171,,,No Vr: noise in close room,8-May-24,13-May-24,11-May-24,17-May-24
Exp324,240012259,E557,N8,Exp,F,"6,29",L,D,,6-Mar-24,27-Mar-24,17-May-24,230047491,C57BL/6J CU,230050184,N7,38804,,,No Vr: noise in close room,8-May-24,13-May-24,11-May-24,17-May-24
Exp324,240012229,D139,DBA/2J AZM,Exp,F,"12,23",Both,D,D,4-Mar-24,27-Mar-24,17-May-24,230033982,DBA/2J AZM,230033508,DBA/2J AZM,38171,,,No Vr: noise in close room,8-May-24,13-May-24,11-May-24,17-May-24
Exp325,240012260,E558,N8,Exp,F,"6,79",L,D,,6-Mar-24,27-Mar-24,17-May-24,230047491,C57BL/6J CU,230050184,N7,38804,,,,8-May-24,14-May-24,11-May-24,17-May-24
Exp325,240012249,D144,DBA/2J AZM,Exp,F,"11,14",Both,D,D,28-Feb-24,27-Mar-24,17-May-24,230046679,DBA/2J AZM,230046682,DBA/2J AZM,38586,,,IBA: ocular problems (02/05),8-May-24,14-May-24,11-May-24,17-May-24
Exp326,240012261,E559,N8,Exp,F,"6,38",L,D,,6-Mar-24,27-Mar-24,17-May-24,230047491,C57BL/6J CU,230050184,N7,38804,,,IBA: ocular problems (02/05),8-May-24,14-May-24,11-May-24,17-May-24
Exp326,240012250,D145,DBA/2J AZM,Exp,F,"10,05",Both,D,D,28-Feb-24,27-Mar-24,17-May-24,230046679,DBA/2J AZM,230046682,DBA/2J AZM,38586,,,IBA: ocular problems (02/05),8-May-24,14-May-24,11-May-24,17-May-24
Exp327,240012870,E560,N9,Exp,M,"7,64",L,D,,12-Mar-24,3-Apr-24,22-May-24,230043384,N8,230047179,C57BL/6J CU,38667,,,,15-May-24,15-May-24,18-May-24,22-May-24
Exp327,240012860,B244,C57BL/6J CU,Exp,M,"12,28",Both,D,D,10-Mar-24,3-Apr-24,22-May-24,240001477,C57BL/6J CU,240002951,C57BL/6J CU,38928,,,,15-May-24,15-May-24,18-May-24,22-May-24
Exp329,240012872,E562,N9,Exp,M,"7,88",L,D,,12-Mar-24,3-Apr-24,22-May-24,230043384,N8,230047179,C57BL/6J CU,38667,,,,15-May-24,15-May-24,18-May-24,22-May-24
Exp329,240012862,B246,C57BL/6J CU,Exp,M,"11,44",Both,D,D,10-Mar-24,3-Apr-24,22-May-24,240001477,C57BL/6J CU,240002951,C57BL/6J CU,38928,,,,15-May-24,15-May-24,18-May-24,22-May-24
Exp331,240012949,E568,N8,Exp,M,"6,23",L,D,,14-Mar-24,3-Apr-24,22-May-24,230044156,N7,230047178,C57BL/6J CU,38669,,,,15-May-24,16-May-24,18-May-24,22-May-24
Exp331,240012864,B248,C57BL/6J CU,Exp,M,"11,72",Both,D,D,10-Mar-24,3-Apr-24,22-May-24,240001477,C57BL/6J CU,240002951,C57BL/6J CU,38928,,,,15-May-24,16-May-24,18-May-24,22-May-24
Exp332,240012950,E569,N8,Exp,F,"6,00",L,D,,14-Mar-24,3-Apr-24,22-May-24,230044156,N7,230047178,C57BL/6J CU,38669,,,,15-May-24,16-May-24,18-May-24,22-May-24
Exp332,240012846,B240,C57BL/6J CU,Exp,F,"9,45",Both,D,D,10-Mar-24,3-Apr-24,22-May-24,230046673,C57BL/6J CU,230046676,C57BL/6J CU,38583,,,,15-May-24,16-May-24,18-May-24,22-May-24
Exp333,240012951,E570,N8,Exp,F,"6,03",L,D,,14-Mar-24,3-Apr-24,24-May-24,230044156,N7,230047178,C57BL/6J CU,38669,,,,15-May-24,No VR,18-May-24,24-May-24
Exp333,240012847,B241,C57BL/6J CU,Exp,F,"9,79",Both,D,D,10-Mar-24,3-Apr-24,24-May-24,230046673,C57BL/6J CU,230046676,C57BL/6J CU,38583,,,,15-May-24,No VR,18-May-24,24-May-24
Exp334,240012952,E571,N8,Exp,F,"6,10",L,D,,14-Mar-24,3-Apr-24,24-May-24,230044156,N7,230047178,C57BL/6J CU,38669,,,,15-May-24,No VR,18-May-24,24-May-24
Exp334,240012865,B249,C57BL/6J CU,Exp,F,"9,45",Both,D,D,10-Mar-24,3-Apr-24,24-May-24,240001477,C57BL/6J CU,240002951,C57BL/6J CU,38928,,,,15-May-24,No VR,18-May-24,24-May-24
Exp335,240012868,E574,N8,Exp,F,"9,38",L,D,,11-Mar-24,3-Apr-24,24-May-24,230047492,C57BL/6J CU,230050185,N7,38805,,,,15-May-24,No VR,18-May-24,24-May-24
Exp335,240012866,B250,C57BL/6J CU,Exp,F,"9,47",Both,D,D,10-Mar-24,3-Apr-24,24-May-24,240001477,C57BL/6J CU,240002951,C57BL/6J CU,38928,,,,15-May-24,No VR,18-May-24,24-May-24
Exp336,240012869,E575,N8,Exp,F,"8,72",L 2R,D,D,11-Mar-24,3-Apr-24,24-May-24,230047492,C57BL/6J CU,230050185,N7,38805,,,Attention: 2 marks on right ear,15-May-24,No VR,18-May-24,24-May-24
Exp336,240012867,B251,C57BL/6J CU,Exp,F,"10,36",Both,D,D,10-Mar-24,3-Apr-24,24-May-24,240001477,C57BL/6J CU,240002951,C57BL/6J CU,38928,,,,15-May-24,No VR,18-May-24,24-May-24
Exp337,240014890,E579,N8,Exp,M,"13,76",L,D,,20-Mar-24,16-Apr-24,5-Jun-24,230044155,N7,230047177,C57BL/6J CU,38668,,,,28-May-24,21-May-24,31-May-24,5-Jun-24
Exp337,240014917,D151,DBA/2J AZM,Exp,M,"10,31",Both,D,D,25-Mar-24,16-Apr-24,5-Jun-24,230046680,DBA/2J AZM,230046683,DBA/2J AZM,38588,,,,28-May-24,21-May-24,31-May-24,5-Jun-24
Exp340,240014900,E585,N8,Exp,M,"8,32",L,D,,22-Mar-24,16-Apr-24,5-Jun-24,230054670,C57BL/6J CU,230050186,N7,38806,,,,28-May-24,21-May-24,31-May-24,5-Jun-24
Exp340,240014910,B252,C57BL/6J CU,Exp,M,"6,32",Both,D,D,28-Mar-24,16-Apr-24,5-Jun-24,240001478,C57BL/6J CU,240002952,C57BL/6J CU,38929,,,,28-May-24,21-May-24,31-May-24,5-Jun-24
Exp341,240014901,E586,N8,Exp,M,"10,26",L,D,,22-Mar-24,16-Apr-24,5-Jun-24,230054670,C57BL/6J CU,230050186,N7,38806,,,,28-May-24,22-May-24,31-May-24,5-Jun-24
Exp341,240014911,B253,C57BL/6J CU,Exp,M,"6,85",Both,D,D,28-Mar-24,16-Apr-24,5-Jun-24,240001478,C57BL/6J CU,240002952,C57BL/6J CU,38929,,,,28-May-24,22-May-24,31-May-24,5-Jun-24
Exp342,240014902,E587,N8,Exp,M,"9,66",L,D,,22-Mar-24,16-Apr-24,5-Jun-24,230054670,C57BL/6J CU,230050186,N7,38806,,,,28-May-24,No VR,31-May-24,5-Jun-24
Exp342,240014912,B254,C57BL/6J CU,Exp,M,"6,22",Both,D,D,28-Mar-24,16-Apr-24,5-Jun-24,240001478,C57BL/6J CU,240002952,C57BL/6J CU,38929,,,,28-May-24,No VR,31-May-24,5-Jun-24
Exp343,240014892,E581,N8,Exp,F,"11,62",L,D,,20-Mar-24,16-Apr-24,6-Jun-24,230044155,N7,230047177,C57BL/6J CU,38668,,,,28-May-24,22-May-24,31-May-24,6-Jun-24
Exp343,240014919,D153,DBA/2J AZM,Exp,F,"10,28",Both,D,A,25-Mar-24,16-Apr-24,6-Jun-24,230046680,DBA/2J AZM,230046683,DBA/2J AZM,38588,,,,28-May-24,22-May-24,31-May-24,6-Jun-24
Exp344,240014893,E582,N8,Exp,F,"11,04",L,D,,20-Mar-24,16-Apr-24,6-Jun-24,230044155,N7,230047177,C57BL/6J CU,38668,,,,28-May-24,23-May-24,31-May-24,6-Jun-24
Exp344,240014920,D154,DBA/2J AZM,Exp,F,"8,47",Both,D,D,25-Mar-24,16-Apr-24,6-Jun-24,230046680,DBA/2J AZM,230046683,DBA/2J AZM,38588,,,,28-May-24,23-May-24,31-May-24,6-Jun-24
Exp346,240014904,E589,N8,Exp,F,"8,82",L,D,,22-Mar-24,16-Apr-24,6-Jun-24,230054670,C57BL/6J CU,230050186,N7,38806,,,,28-May-24,23-May-24,31-May-24,6-Jun-24
Exp346,240014913,B255,C57BL/6J CU,Exp,F,"6,00",Both,D,D,28-Mar-24,16-Apr-24,6-Jun-24,240001478,C57BL/6J CU,240002952,C57BL/6J CU,38929,,,,28-May-24,23-May-24,31-May-24,6-Jun-24
Exp347,240014905,E590,N8,Exp,F,"8,94",L,D,,22-Mar-24,16-Apr-24,6-Jun-24,230054670,C57BL/6J CU,230050186,N7,38806,,,,28-May-24,27-May-24,31-May-24,6-Jun-24
Exp347,240014914,B256,C57BL/6J CU,Exp,F,"6,00",Both,D,D,28-Mar-24,16-Apr-24,6-Jun-24,240001478,C57BL/6J CU,240002952,C57BL/6J CU,38929,,,,28-May-24,27-May-24,31-May-24,6-Jun-24
Exp348,240014906,E591,N8,Exp,F,"9,53",L,D,,22-Mar-24,16-Apr-24,6-Jun-24,230054670,C57BL/6J CU,230050186,N7,38806,,,,28-May-24,27-May-24,31-May-24,6-Jun-24
Exp348,240014915,B257,C57BL/6J CU,Exp,F,"6,01",Both,D,D,28-Mar-24,16-Apr-24,6-Jun-24,240001478,C57BL/6J CU,240002952,C57BL/6J CU,38929,,,,28-May-24,27-May-24,31-May-24,6-Jun-24
Exp349,240014907,E592,N8,Exp,F,"9,01",L,D,,22-Mar-24,16-Apr-24,6-Jun-24,230054670,C57BL/6J CU,230050186,N7,38806,,,Animalario alarm system tests from 8 to 17 hs on May 29th,28-May-24,29-May-24,31-May-24,6-Jun-24
Exp349,240014916,B258,C57BL/6J CU,Exp,F,"6,00",Both,D,D,28-Mar-24,16-Apr-24,6-Jun-24,240001478,C57BL/6J CU,240002952,C57BL/6J CU,38929,,,,28-May-24,29-May-24,31-May-24,6-Jun-24
Exp351,240017014,E605,N8,Exp,M,"15,55",L,D,,28-Mar-24,26-Apr-24,10-Jun-24,230047176,C57BL/6J CU,230042634,N7,38656,,,,7-Jun-24,29-May-24,10-Jun-24,10-Jun-24
Exp351,240017016,B259,C57BL/6J CU,Exp,M,"11,22",Both,D,D,1-Apr-24,26-Apr-24,10-Jun-24,230046672,C57BL/6J CU,230046675,C57BL/6J CU,38582,,,,7-Jun-24,29-May-24,10-Jun-24,10-Jun-24
Exp353,240017672,E615,N10 ,Exp,F,"10,26",L,D,,8-Apr-24,3-May-24,18-Jun-24,240001468,N9,240001066,C57BL/6J CU,38914,,,,14-Jun-24,12-Jun-24,17-Jun-24,18-Jun-24
Exp353,240017624,D159,DBA/2J AZM,Exp,F,"11,91",Both,D,D,8-Apr-24,3-May-24,18-Jun-24,230046679,DBA/2J AZM,230046682,DBA/2J AZM,38586,,,,14-Jun-24,12-Jun-24,17-Jun-24,18-Jun-24
Exp354,240017641,E623,N8,Exp,F,"10,45",L,D,,8-Apr-24,3-May-24,18-Jun-24,230044156,N7,230047178,C57BL/6J CU,38669,,,,14-Jun-24,12-Jun-24,17-Jun-24,18-Jun-24
Exp354,240017625,D160,DBA/2J AZM,Exp,F,"11,60",Both,D,D,8-Apr-24,3-May-24,18-Jun-24,230046679,DBA/2J AZM,230046682,DBA/2J AZM,38586,,,,14-Jun-24,12-Jun-24,17-Jun-24,18-Jun-24
Exp355,240018433,E627,N8,Exp,M,"7,82",L,D,,18-Apr-24,10-May-24,1-Jul-24,230047491,C57BL/6J CU,230050184,N7,38804,,,,21-Jun-24,13-Jun-24,24-Jun-24,1-Jul-24
Exp355,240018429,D161,DBA/2J AZM,Exp,M,"6,00",Both,D,D,16-Apr-24,10-May-24,1-Jul-24,230046680,DBA/2J AZM,230046683,DBA/2J AZM,38588,,,,21-Jun-24,13-Jun-24,24-Jun-24,1-Jul-24
Exp356,240018436,E630,N8,Exp,F,"8,08",L,D,,18-Apr-24,10-May-24,1-Jul-24,230047491,C57BL/6J CU,230050184,N7,38804,,,,21-Jun-24,13-Jun-24,24-Jun-24,1-Jul-24
Exp356,240018430,D162,DBA/2J AZM,Exp,F,"6,87",Both,D,D,16-Apr-24,10-May-24,1-Jul-24,230046680,DBA/2J AZM,230046683,DBA/2J AZM,38588,,,,21-Jun-24,13-Jun-24,24-Jun-24,1-Jul-24
Exp357,240018679,E636,N8,Exp,M,"6,52",L,D,,23-Apr-24,14-May-24,1-Jul-24,230047492,C57BL/6J CU,230050185,N7,38805,,,,25-Jun-24,17-Jun-24,28-Jun-24,1-Jul-24
Exp357,240018671,B271,C57BL/6J CU,Exp,M,"11,06",Both,D,D,19-Apr-24,14-May-24,1-Jul-24,240001478,C57BL/6J CU,240002952,C57BL/6J CU,38929,,,,25-Jun-24,17-Jun-24,28-Jun-24,1-Jul-24
Exp358,240018686,E643,N8,Exp,F,"6,29",L,D,,23-Apr-24,14-May-24,1-Jul-24,230047492,C57BL/6J CU,230050185,N7,38805,,,,25-Jun-24,17-Jun-24,28-Jun-24,1-Jul-24
Exp358,240018678,C117,CBA/J BIT,Exp,F,"9,80",Both,D,D,21-Apr-24,14-May-24,1-Jul-24,230046685,CBA/J BIT,230046688,CBA/J BIT,38591,,,,25-Jun-24,17-Jun-24,28-Jun-24,1-Jul-24
Exp359,240018687,E644,N8,Exp,F,"7,03",L,D,,23-Apr-24,14-May-24,2-Jul-24,230047492,C57BL/6J CU,230050185,N7,38805,,,,25-Jun-24,18-Jun-24,28-Jun-24,2-Jul-24
Exp359,240018672,B272,C57BL/6J CU,Exp,F,"7,23",Both,D,D,19-Apr-24,14-May-24,2-Jul-24,240001478,C57BL/6J CU,240002952,C57BL/6J CU,38929,,,,25-Jun-24,18-Jun-24,28-Jun-24,2-Jul-24
Exp360,240018688,E645,N8,Exp,F,"7,52",L,D,,23-Apr-24,14-May-24,2-Jul-24,230047492,C57BL/6J CU,230050185,N7,38805,,,,25-Jun-24,18-Jun-24,28-Jun-24,2-Jul-24
Exp360,240018673,B273,C57BL/6J CU,Exp,F,"10,96",Both,D,D,19-Apr-24,14-May-24,2-Jul-24,240001478,C57BL/6J CU,240002952,C57BL/6J CU,38929,,,,25-Jun-24,18-Jun-24,28-Jun-24,2-Jul-24
Exp361,240018689,E646,N8,Exp,F,"6,58",L,D,,23-Apr-24,14-May-24,2-Jul-24,230047492,C57BL/6J CU,230050185,N7,38805,,,,25-Jun-24,25-Jun-24,28-Jun-24,2-Jul-24
Exp361,240018674,B274,C57BL/6J CU,Exp,F,"10,73",Both,D,D,19-Apr-24,14-May-24,2-Jul-24,240001478,C57BL/6J CU,240002952,C57BL/6J CU,38929,,,,25-Jun-24,25-Jun-24,28-Jun-24,2-Jul-24
Exp362,240021164,E648,N8,Exp,M,"7,38",L,D,,9-May-24,29-May-24,18-Jul-24,230047176,C57BL/6J CU,230042634,N7,38656,,,,10-Jul-24,9-Jul-24,13-Jul-24,18-Jul-24
Exp362,240021177,D167,DBA/2J AZM,Exp,M,"9,54",Both,D,D,7-May-24,29-May-24,18-Jul-24,240001487,DBA/2J AZM,240001088,DBA/2J AZM,38924,,,,10-Jul-24,9-Jul-24,13-Jul-24,18-Jul-24
Exp363,240021147,E658,N10,Exp,M,"9,33",L,D,,6-May-24,29-May-24,18-Jul-24,240001469,N9,240001067,C57BL/6J CU,38915,,,,10-Jul-24,9-Jul-24,13-Jul-24,18-Jul-24
Exp363,240021178,D168,DBA/2J AZM,Exp,M,"8,64",Both,D,D,7-May-24,29-May-24,18-Jul-24,240001487,DBA/2J AZM,240001088,DBA/2J AZM,38924,,,,10-Jul-24,9-Jul-24,13-Jul-24,18-Jul-24
Exp367,240024261,E691,N10,Exp,M,"10,78",L,D,,29-May-24,19-Jun-24,5-Aug-24,240001468,N9,240001066,C57BL/6J CU,38914,,,,31-Jul-24,1-Aug-24,3-Aug-24,5-Aug-24
Exp367,240024252,D176,DBA/2J AZM,Exp,M,"7,66",Both,D,D,28-May-24,19-Jun-24,5-Aug-24,240001487,DBA/2J AZM,240001088,DBA/2J AZM,38924,,,,31-Jul-24,1-Aug-24,3-Aug-24,5-Aug-24
Exp372,240025439,E700,N8,Exp,M,"8,03",L,D,,6-Jun-24,28-Jun-24,16-Aug-24,230047492,C57BL/6J CU,230050185,N7,38805,,,,9-Aug-24,No VR,12-Aug-24,16-Aug-24
Exp372,240025449,B281,C57BL/6J CU,Exp,M,"7,06",Both,D,D,7-Jun-24,28-Jun-24,16-Aug-24,240001478,C57BL/6J CU,240002952,C57BL/6J CU,38929,,,,9-Aug-24,No VR,12-Aug-24,16-Aug-24
Exp373,240025440,E701,N8,Exp,M,"7,40",L,D,,6-Jun-24,28-Jun-24,16-Aug-24,230047492,C57BL/6J CU,230050185,N7,38805,,,,9-Aug-24,No VR,12-Aug-24,16-Aug-24
Exp373,240025450,B282,C57BL/6J CU,Exp,M,"7,92",Both,D,D,7-Jun-24,28-Jun-24,16-Aug-24,240001478,C57BL/6J CU,240002952,C57BL/6J CU,38929,,,,9-Aug-24,No VR,12-Aug-24,16-Aug-24
Exp374,240025441,E702,N8,Exp,M,"7,94",L,D,,6-Jun-24,28-Jun-24,16-Aug-24,230047492,C57BL/6J CU,230050185,N7,38805,,,,9-Aug-24,No VR,12-Aug-24,16-Aug-24
Exp374,240025451,B283,C57BL/6J CU,Exp,M,"7,54",Both,D,D,7-Jun-24,28-Jun-24,16-Aug-24,240001478,C57BL/6J CU,240002952,C57BL/6J CU,38929,,,,9-Aug-24,No VR,12-Aug-24,16-Aug-24
Exp375,240025442,E703,N8,Exp,M,"6,97",L,D,,6-Jun-24,28-Jun-24,16-Aug-24,230047492,C57BL/6J CU,230050185,N7,38805,,,,9-Aug-24,No VR,12-Aug-24,16-Aug-24
Exp375,240025452,B284,C57BL/6J CU,Exp,M,"6,16",Both,D,D,7-Jun-24,28-Jun-24,16-Aug-24,240001478,C57BL/6J CU,240002952,C57BL/6J CU,38929,,,,9-Aug-24,No VR,12-Aug-24,16-Aug-24
Exp376,240025443,E704,N8,Exp,F,"8,27",L,A,,6-Jun-24,28-Jun-24,19-Aug-24,230047492,C57BL/6J CU,230050185,N7,38805,,,,9-Aug-24,12-Aug-24,12-Aug-24,19-Aug-24
Exp376,240025431,C123,CBA/J BIT,Exp,F,"11,60",Both,D,D,4-Jun-24,28-Jun-24,19-Aug-24,230046685,CBA/J BIT,230046688,CBA/J BIT,38591,,,,9-Aug-24,12-Aug-24,12-Aug-24,19-Aug-24
Exp377,240025444,E705,N8,Exp,F,"7,93",L,D,,6-Jun-24,28-Jun-24,19-Aug-24,230047492,C57BL/6J CU,230050185,N7,38805,,,,9-Aug-24,13-Aug-24,12-Aug-24,19-Aug-24
Exp377,240025432,C124,CBA/J BIT,Exp,F,"11,33",Both,D,D,4-Jun-24,28-Jun-24,19-Aug-24,230046685,CBA/J BIT,230046688,CBA/J BIT,38591,,,,9-Aug-24,13-Aug-24,12-Aug-24,19-Aug-24
Exp378,240025445,E706,N8,Exp,F,"8,39",L,D,,6-Jun-24,28-Jun-24,19-Aug-24,230047492,C57BL/6J CU,230050185,N7,38805,,,,9-Aug-24,13-Aug-24,12-Aug-24,19-Aug-24
Exp378,240025433,C125,CBA/J BIT,Exp,F,"11,07",Both,D,D,4-Jun-24,28-Jun-24,19-Aug-24,230046685,CBA/J BIT,230046688,CBA/J BIT,38591,,,,9-Aug-24,13-Aug-24,12-Aug-24,19-Aug-24
Exp379,240025446,E707,N8,Exp,F,"8,78",L,D,,6-Jun-24,28-Jun-24,19-Aug-24,230047492,C57BL/6J CU,230050185,N7,38805,,,,9-Aug-24,No VR,12-Aug-24,19-Aug-24
Exp379,240025434,C126,CBA/J BIT,Exp,F,"10,44",Both,D,D,4-Jun-24,28-Jun-24,19-Aug-24,230046685,CBA/J BIT,230046688,CBA/J BIT,38591,,,,9-Aug-24,No VR,12-Aug-24,19-Aug-24
Exp380,240026864,E708,N10,Exp,M,"8,23",L,D,,18-Jun-24,10-Jul-24,23-Aug-24,240001469,N9,240001067,C57BL/6J CU,38915,,,,21-Aug-24,19-Aug-24,24-Aug-24,23-Aug-24
Exp380,240026900,C127,CBA/J BIT,Exp,M,"8,20",Both,D,D,14-Jun-24,10-Jul-24,23-Aug-24,240017684,CBA/J BIT,240017039,CBA/J BIT,39403,,,,21-Aug-24,19-Aug-24,24-Aug-24,23-Aug-24
Exp381,240026865,E709,N10,Exp,M,"7,85",L,D,,18-Jun-24,10-Jul-24,23-Aug-24,240001469,N9,240001067,C57BL/6J CU,38915,,,,21-Aug-24,19-Aug-24,24-Aug-24,23-Aug-24
Exp381,240026897,D181,DBA/2J AZM,Exp,M,"10,26",Both,D,D,12-Jun-24,10-Jul-24,23-Aug-24,230046679,DBA/2J AZM,230046682,DBA/2J AZM,38586,,,,21-Aug-24,19-Aug-24,24-Aug-24,23-Aug-24
Exp382,240026866,E710,N10,Exp,M,"6,00",L,D,,18-Jun-24,10-Jul-24,23-Aug-24,240001469,N9,240001067,C57BL/6J CU,38915,,,,21-Aug-24,20-Aug-24,24-Aug-24,23-Aug-24
Exp382,240026898,D182,DBA/2J AZM,Exp,M,"14,07",Both,D,D,12-Jun-24,10-Jul-24,23-Aug-24,230046679,DBA/2J AZM,230046682,DBA/2J AZM,38586,,,,21-Aug-24,20-Aug-24,24-Aug-24,23-Aug-24
Exp383,240026867,E711,N10,Exp,M,"7,50",L,D,,18-Jun-24,10-Jul-24,23-Aug-24,240001469,N9,240001067,C57BL/6J CU,38915,,,,21-Aug-24,20-Aug-24,24-Aug-24,23-Aug-24
Exp383,240026881,D184,DBA/2J AZM,Exp,M,"11,04",Both,D,D,19-Jun-24,10-Jul-24,23-Aug-24,230046680,DBA/2J AZM,230046683,DBA/2J AZM,38588,,,,21-Aug-24,20-Aug-24,24-Aug-24,23-Aug-24
Exp384,240026885,E718,N8,Exp,M,"9,88",L,D,,20-Jun-24,10-Jul-24,26-Aug-24,240009942,N7,240011995,C57BL/6J CU,39401,,,,21-Aug-24,21-Aug-24,24-Aug-24,26-Aug-24
Exp384,240026882,D185,DBA/2J AZM,Exp,M,"9,37",Both,D,D,19-Jun-24,10-Jul-24,26-Aug-24,230046680,DBA/2J AZM,230046683,DBA/2J AZM,38588,,,,21-Aug-24,21-Aug-24,24-Aug-24,26-Aug-24
Exp387,240026875,E725,N9,Exp,M,"10,40",L,D,,18-Jun-24,10-Jul-24,26-Aug-24,240012844,C57BL/6J CU,240009976,N8,39402,,,,21-Aug-24,21-Aug-24,24-Aug-24,26-Aug-24
Exp387,240026891,D188,DBA/2J AZM,Exp,M,"7,32",Both,D,D,20-Jun-24,10-Jul-24,26-Aug-24,240017622,DBA/2J AZM,240018431/240018432,DBA/2J AZM,39405,,,,21-Aug-24,21-Aug-24,24-Aug-24,26-Aug-24
Exp390,240026868,E712,N10,Exp,F,"6,65",L,D,,18-Jun-24,10-Jul-24,29-Aug-24,240001469,N9,240001067,C57BL/6J CU,38915,,,,21-Aug-24,26-Aug-24,24-Aug-24,29-Aug-24
Exp390,240026901,C128,CBA/J BIT,Exp,F,"7,23",Both,D,D,14-Jun-24,10-Jul-24,29-Aug-24,240017684,CBA/J BIT,240017039,CBA/J BIT,39403,,,,21-Aug-24,26-Aug-24,24-Aug-24,29-Aug-24
Exp391,240026869,E713,N10,Exp,F,"6,92",L,D,,18-Jun-24,10-Jul-24,29-Aug-24,240001469,N9,240001067,C57BL/6J CU,38915,,,,21-Aug-24,26-Aug-24,24-Aug-24,29-Aug-24
Exp391,240026899,D183,DBA/2J AZM,Exp,F,"11,53",Both,D,D,12-Jun-24,10-Jul-24,29-Aug-24,230046679,DBA/2J AZM,230046682,DBA/2J AZM,38586,,,,21-Aug-24,26-Aug-24,24-Aug-24,29-Aug-24
Exp392,240026870,E714,N10,Exp,F,"7,67",L,D,,18-Jun-24,10-Jul-24,29-Aug-24,240001469,N9,240001067,C57BL/6J CU,38915,,,,21-Aug-24,No VR,24-Aug-24,29-Aug-24
Exp392,240026894,D191,DBA/2J AZM,Exp,F,"7,42",Both,D,D,20-Jun-24,10-Jul-24,29-Aug-24,240017622,DBA/2J AZM,240018431/240018432,DBA/2J AZM,39405,,,,21-Aug-24,No VR,24-Aug-24,29-Aug-24
Exp393,240026887,E720,N8,Exp,F,"9,33",L,D,,20-Jun-24,10-Jul-24,29-Aug-24,240009942,N7,240011995,C57BL/6J CU,39401,,,,21-Aug-24,No VR,24-Aug-24,29-Aug-24
Exp393,240026895,D192,DBA/2J AZM,Exp,F,"7,10",Both,D,D,20-Jun-24,10-Jul-24,29-Aug-24,240017622,DBA/2J AZM,240018431/240018432,DBA/2J AZM,39405,,,,21-Aug-24,No VR,24-Aug-24,29-Aug-24
Exp394,240026878,E728,N9,Exp,F,"7,51",L,D,,18-Jun-24,10-Jul-24,29-Aug-24,240012844,C57BL/6J CU,240009976,N8,39402,,,,21-Aug-24,No VR,24-Aug-24,29-Aug-24
Exp394,240026896,D193,DBA/2J AZM,Exp,F,"6,23",Both,D,D,20-Jun-24,10-Jul-24,29-Aug-24,240017622,DBA/2J AZM,240018431/240018432,DBA/2J AZM,39405,,,,21-Aug-24,No VR,24-Aug-24,29-Aug-24
Exp396,240027914,E732,N9,Exp,M,"9,03",L,D,,27-Jun-24,18-Jul-24,3-Sep-24,240017030,N8,240011998,C57BL/6J CU,39447,,,,29-Aug-24,No VR,1-Sep-24,3-Sep-24
Exp396,240027882,D195,DBA/2J AZM,Exp,M,"7,05",Both,D,D,21-Jun-24,18-Jul-24,3-Sep-24,240001487,DBA/2J AZM,240001088,DBA/2J AZM,38924,,,,29-Aug-24,No VR,1-Sep-24,3-Sep-24
Exp397,240027918,E736,N9,Exp,F,"8,43",L,D,,27-Jun-24,18-Jul-24,3-Sep-24,240017030,N8,240011998,C57BL/6J CU,39447,,,,29-Aug-24,No VR,1-Sep-24,3-Sep-24
Exp397,240027883,D196,DBA/2J AZM,Exp,F,"6,84",Both,D,D,21-Jun-24,18-Jul-24,3-Sep-24,240001487,DBA/2J AZM,240001088,DBA/2J AZM,38924,,,,29-Aug-24,No VR,1-Sep-24,3-Sep-24
Exp398,240027919,E737,N9,Exp,F,"9,04",L,D,,27-Jun-24,18-Jul-24,3-Sep-24,240017030,N8,240011998,C57BL/6J CU,39447,,,,29-Aug-24,No VR,1-Sep-24,3-Sep-24
Exp398,240027884,D197,DBA/2J AZM,Exp,F,"7,56",Both,D,D,21-Jun-24,18-Jul-24,3-Sep-24,240001487,DBA/2J AZM,240001088,DBA/2J AZM,38924,,,,29-Aug-24,No VR,1-Sep-24,3-Sep-24
Exp399,240027920,E738,N9,Exp,F,"8,70",L,D,,27-Jun-24,18-Jul-24,3-Sep-24,240017030,N8,240011998,C57BL/6J CU,39447,,,,29-Aug-24,No VR,1-Sep-24,3-Sep-24
Exp399,240027885,D198,DBA/2J AZM,Exp,F,"8,36",Both,D,D,21-Jun-24,18-Jul-24,3-Sep-24,240001487,DBA/2J AZM,240001088,DBA/2J AZM,38924,,,,29-Aug-24,No VR,1-Sep-24,3-Sep-24
Exp400,240028767,E739,N8,Exp,M,"7,80",L,D,,9-Jul-24,26-Jul-24,6-Sep-24,240009943,N7,240009960,C57BL/6J CU,39569,,,,6-Sep-24,27-Aug-24,9-Sep-24,6-Sep-24
Exp400,240028758,C134,CBA/J BIT,Exp,M,"14,43",Both,D,D,3-Jul-24,26-Jul-24,6-Sep-24,240018676,CBA/J BIT,240017685,CBA/J BIT,39404,,,,6-Sep-24,27-Aug-24,9-Sep-24,6-Sep-24
Exp401,240028768,E740,N8,Exp,F,"7,46",L,D,,9-Jul-24,26-Jul-24,6-Sep-24,240009943,N7,240009960,C57BL/6J CU,39569,,,,6-Sep-24,27-Aug-24,9-Sep-24,6-Sep-24
Exp401,240028765,C132,CBA/J BIT,Exp,F,"13,15",Both,D,D,5-Jul-24,26-Jul-24,6-Sep-24,240017684,CBA/J BIT,240017039,CBA/J BIT,39403,,,,6-Sep-24,27-Aug-24,9-Sep-24,6-Sep-24
Exp402,240028769,E741,N8,Exp,F,"7,49",L,D,,9-Jul-24,26-Jul-24,6-Sep-24,240009943,N7,240009960,C57BL/6J CU,39569,,,,6-Sep-24,28-Aug-24,9-Sep-24,6-Sep-24
Exp402,240028766,C133,CBA/J BIT,Exp,F,"12,88",Both,D,D,5-Jul-24,26-Jul-24,6-Sep-24,240017684,CBA/J BIT,240017039,CBA/J BIT,39403,,,,6-Sep-24,28-Aug-24,9-Sep-24,6-Sep-24
Exp403,240028770,E742,N8,Exp,F,"7,28",L,D,,9-Jul-24,26-Jul-24,6-Sep-24,240009943,N7,240009960,C57BL/6J CU,39569,,,,6-Sep-24,28-Aug-24,9-Sep-24,6-Sep-24
Exp403,240028759,C135,CBA/J BIT,Exp,F,"13,50",Both,D,D,3-Jul-24,26-Jul-24,6-Sep-24,240018676,CBA/J BIT,240017685,CBA/J BIT,39404,,,,6-Sep-24,28-Aug-24,9-Sep-24,6-Sep-24
Exp404,240028771,E743,N8,Exp,F,"7,59",L,D,,9-Jul-24,26-Jul-24,6-Sep-24,240009943,N7,240009960,C57BL/6J CU,39569,,,,6-Sep-24,No VR,9-Sep-24,6-Sep-24
Exp404,240028760,C136,CBA/J BIT,Exp,F,"12,95",Both,D,D,3-Jul-24,26-Jul-24,6-Sep-24,240018676,CBA/J BIT,240017685,CBA/J BIT,39404,,,,6-Sep-24,No VR,9-Sep-24,6-Sep-24
Exp405,240029969,E744,N10,Exp,M,"14,78",L,D,,11-Jul-24,6-Aug-24,13-Sep-24,240001468,N9,240001066,C57BL/6J CU,38914,,,,17-Sep-24,No VR,20-Sep-24,13-Sep-24
Exp405,240030038,C138,CBA/J BIT,Exp,M,"16,96",Both,D,D,14-Jul-24,6-Aug-24,13-Sep-24,240023131,CBA/J BIT,240023133,CBA/J BIT,39565,,,,17-Sep-24,No VR,20-Sep-24,13-Sep-24
Exp406,240029970,E745,N10,Exp,M,"12,81",L,D,,11-Jul-24,6-Aug-24,13-Sep-24,240001468,N9,240001066,C57BL/6J CU,38914,,,,17-Sep-24,No VR,20-Sep-24,13-Sep-24
Exp406,240030039,C139,CBA/J BIT,Exp,M,"17,11",Both,D,D,14-Jul-24,6-Aug-24,13-Sep-24,240023131,CBA/J BIT,240023133,CBA/J BIT,39565,,,,17-Sep-24,No VR,20-Sep-24,13-Sep-24
Exp408,240029985,E754,N10,Exp,M,"12,70",L,D,,11-Jul-24,6-Aug-24,13-Sep-24,240009663,C57BL/6J CU,240012876,N9,39568,,,,17-Sep-24,3-Sep-24,20-Sep-24,13-Sep-24
Exp408,240030054,C142,CBA/J BIT,Exp,M,"9,41",Both,D,D,15-Jul-24,6-Aug-24,13-Sep-24,240023132,CBA/J BIT,240023134,CBA/J BIT,39566,,,,17-Sep-24,3-Sep-24,20-Sep-24,13-Sep-24
Exp411,240029988,E757,N10,Exp,M,"12,22",L,D,,11-Jul-24,6-Aug-24,13-Sep-24,240009663,C57BL/6J CU,240012876,N9,39568,,,,17-Sep-24,3-Sep-24,20-Sep-24,13-Sep-24
Exp411,240030007,M156,MRL/MpJ CSY,Exp,M,"13,41",Both,D,D,14-Jul-24,6-Aug-24,13-Sep-24,240023135,MRL/MpJ CSY,240023138,MRL/MpJ CSY,39562,,,IBA fight wounds 14/08,17-Sep-24,3-Sep-24,20-Sep-24,13-Sep-24
Exp413,240030016,E762,N8,Exp,M,"12,76",L,D,,15-Jul-24,6-Aug-24,13-Sep-24,230054670,C57BL/6J CU,230050186,N7,38806,,,,17-Sep-24,4-Sep-24,20-Sep-24,13-Sep-24
Exp413,240030009,M158,MRL/MpJ CSY,Exp,M,"16,16",Both,D,D,14-Jul-24,6-Aug-24,13-Sep-24,240023135,MRL/MpJ CSY,240023138,MRL/MpJ CSY,39562,,,,17-Sep-24,4-Sep-24,20-Sep-24,13-Sep-24
Exp414,240030017,E763,N8,Exp,M,"12,44",L,D,,15-Jul-24,6-Aug-24,13-Sep-24,230054670,C57BL/6J CU,230050186,N7,38806,,,,17-Sep-24,4-Sep-24,20-Sep-24,13-Sep-24
Exp414,240030010,M159,MRL/MpJ CSY,Exp,M,"15,30",Both,D,A,14-Jul-24,6-Aug-24,13-Sep-24,240023135,MRL/MpJ CSY,240023138,MRL/MpJ CSY,39562,,,,17-Sep-24,4-Sep-24,20-Sep-24,13-Sep-24
Exp415,240030018,E764,N8,Exp,M,"12,01",L,D,,15-Jul-24,6-Aug-24,16-Sep-24,230054670,C57BL/6J CU,230050186,N7,38806,,,,17-Sep-24,5-Sep-24,20-Sep-24,16-Sep-24
Exp415,240030011,M160,MRL/MpJ CSY,Exp,M,"15,22",Both,D,D,14-Jul-24,6-Aug-24,16-Sep-24,240023135,MRL/MpJ CSY,240023138,MRL/MpJ CSY,39562,,,,17-Sep-24,5-Sep-24,20-Sep-24,16-Sep-24
Exp416,240030066,E767,N8,Exp,M,"7,89",L,D,,18-Jul-24,6-Aug-24,16-Sep-24,240009945,N7,240011997,C57BL/6J CU,39605,,,,17-Sep-24,5-Sep-24,20-Sep-24,16-Sep-24
Exp416,240029993,M171,MRL/MpJ CSY,Exp,M,"16,99",Both,D,D,11-Jul-24,6-Aug-24,16-Sep-24,240023137,MRL/MpJ CSY,240023140,MRL/MpJ CSY,39564,,,,17-Sep-24,5-Sep-24,20-Sep-24,16-Sep-24
Exp417,240030067,E768,N8,Exp,M,"8,44",L,D,,18-Jul-24,6-Aug-24,16-Sep-24,240009945,N7,240011997,C57BL/6J CU,39605,,,,17-Sep-24,9-Sep-24,20-Sep-24,16-Sep-24
Exp417,240029994,M172,MRL/MpJ CSY,Exp,M,"16,18",Both,D,D,11-Jul-24,6-Aug-24,16-Sep-24,240023137,MRL/MpJ CSY,240023140,MRL/MpJ CSY,39564,,,,17-Sep-24,9-Sep-24,20-Sep-24,16-Sep-24
Exp418,240030068,E769,N8,Exp,M,"8,16",L,D,,18-Jul-24,6-Aug-24,16-Sep-24,240009945,N7,240011997,C57BL/6J CU,39605,,,,17-Sep-24,9-Sep-24,20-Sep-24,16-Sep-24
Exp418,240029995,M173,MRL/MpJ CSY,Exp,M,"17,42",Both,D,D,11-Jul-24,6-Aug-24,16-Sep-24,240023137,MRL/MpJ CSY,240023140,MRL/MpJ CSY,39564,,,,17-Sep-24,9-Sep-24,20-Sep-24,16-Sep-24
Exp419,240030069,E770,N8,Exp,M,"7,39",L,D,,18-Jul-24,6-Aug-24,16-Sep-24,240009945,N7,240011997,C57BL/6J CU,39605,,,IBA ocular problems 14/08,17-Sep-24,12-Sep-24,20-Sep-24,16-Sep-24
Exp419,240029996,M174,MRL/MpJ CSY,Exp,M,"16,41",Both,D,D,11-Jul-24,6-Aug-24,16-Sep-24,240023137,MRL/MpJ CSY,240023140,MRL/MpJ CSY,39564,,,,17-Sep-24,12-Sep-24,20-Sep-24,16-Sep-24
Exp420,240029971,E746,N10,Exp,F,"11,66",L,D,,11-Jul-24,6-Aug-24,16-Sep-24,240001468,N9,240001066,C57BL/6J CU,38914,,,,17-Sep-24,NoVR,20-Sep-24,16-Sep-24
Exp420,240030040,C140,CBA/J BIT,Exp,F,"12,93",Both,D,D,14-Jul-24,6-Aug-24,16-Sep-24,240023131,CBA/J BIT,240023133,CBA/J BIT,39565,,,,17-Sep-24,NoVR,20-Sep-24,16-Sep-24
Exp421,240029972,E747,N10,Exp,F,"10,95",L,D,,11-Jul-24,6-Aug-24,16-Sep-24,240001468,N9,240001066,C57BL/6J CU,38914,,,,17-Sep-24,No VR,20-Sep-24,16-Sep-24
Exp421,240030056,C144,CBA/J BIT,Exp,F,"11,10",Both,D,D,15-Jul-24,6-Aug-24,16-Sep-24,240023132,CBA/J BIT,240023134,CBA/J BIT,39566,,,,17-Sep-24,No VR,20-Sep-24,16-Sep-24
Exp422,240029973,E748,N10,Exp,F,"12,96",L,D,,11-Jul-24,6-Aug-24,16-Sep-24,240001468,N9,240001066,C57BL/6J CU,38914,,,,17-Sep-24,No VR,20-Sep-24,16-Sep-24
Exp422,240030057,C145,CBA/J BIT,Exp,F,"11,39",Both,D,D,15-Jul-24,6-Aug-24,16-Sep-24,240023132,CBA/J BIT,240023134,CBA/J BIT,39566,,,,17-Sep-24,No VR,20-Sep-24,16-Sep-24
Exp423,240029974,E749,N10,Exp,F,"12,08",L,D,,11-Jul-24,6-Aug-24,19-Sep-24,240001468,N9,240001066,C57BL/6J CU,38914,,,,17-Sep-24,12-Sep-24,20-Sep-24,19-Sep-24
Exp423,240030012,M161,MRL/MpJ CSY,Exp,F,"13,62",Both,D,D,14-Jul-24,6-Aug-24,19-Sep-24,240023135,MRL/MpJ CSY,240023138,MRL/MpJ CSY,39562,,,,17-Sep-24,12-Sep-24,20-Sep-24,19-Sep-24
Exp424,240029975,E750,N10,Exp,F,"12,69",L,A,,11-Jul-24,6-Aug-24,19-Sep-24,240001468,N9,240001066,C57BL/6J CU,38914,,,,17-Sep-24,16-Sep-24,20-Sep-24,19-Sep-24
Exp424,240030013,M162,MRL/MpJ CSY,Exp,F,"15,46",Both,D,D,14-Jul-24,6-Aug-24,19-Sep-24,240023135,MRL/MpJ CSY,240023138,MRL/MpJ CSY,39562,,,,17-Sep-24,16-Sep-24,20-Sep-24,19-Sep-24
Exp425,240029976,E751,N10,Exp,F,"10,28",L,D,,11-Jul-24,6-Aug-24,19-Sep-24,240001468,N9,240001066,C57BL/6J CU,38914,,,,17-Sep-24,16-Sep-24,20-Sep-24,19-Sep-24
Exp425,240030014,M163,MRL/MpJ CSY,Exp,F,"12,24",Both,D,D,14-Jul-24,6-Aug-24,19-Sep-24,240023135,MRL/MpJ CSY,240023138,MRL/MpJ CSY,39562,,,,17-Sep-24,16-Sep-24,20-Sep-24,19-Sep-24
Exp426,240029977,E752,N10,Exp,F,"13,34",L,D,,11-Jul-24,6-Aug-24,23-Sep-24,240001468,N9,240001066,C57BL/6J CU,38914,,,,17-Sep-24,17-Sep-24,20-Sep-24,23-Sep-24
Exp426,240030015,M164,MRL/MpJ CSY,Exp,F,"14,46",Both,D,D,14-Jul-24,6-Aug-24,23-Sep-24,240023135,MRL/MpJ CSY,240023138,MRL/MpJ CSY,39562,,,,17-Sep-24,17-Sep-24,20-Sep-24,23-Sep-24
Exp427,240029990,E759,N10,Exp,F,"11,86",L,D,,11-Jul-24,6-Aug-24,23-Sep-24,240009663,C57BL/6J CU,240012876,N9,39568,,,,17-Sep-24,17-Sep-24,20-Sep-24,23-Sep-24
Exp427,240029979,M166,MRL/MpJ CSY,Exp,F,"17,05",Both,D,D,11-Jul-24,6-Aug-24,23-Sep-24,240023136,MRL/MpJ CSY,240023139,MRL/MpJ CSY,39563,,,,17-Sep-24,17-Sep-24,20-Sep-24,23-Sep-24
Exp428,240029991,E760,N10,Exp,F,"11,66",L,D,,11-Jul-24,6-Aug-24,23-Sep-24,240009663,C57BL/6J CU,240012876,N9,39568,,,,17-Sep-24,18-Sep-24,20-Sep-24,23-Sep-24
Exp428,240029980,M167,MRL/MpJ CSY,Exp,F,"16,72",Both,D,D,11-Jul-24,6-Aug-24,23-Sep-24,240023136,MRL/MpJ CSY,240023139,MRL/MpJ CSY,39563,,,,17-Sep-24,18-Sep-24,20-Sep-24,23-Sep-24
Exp429,240029992,E761,N10,Exp,F,"11,41",L,D,,11-Jul-24,6-Aug-24,23-Sep-24,240009663,C57BL/6J CU,240012876,N9,39568,,,,17-Sep-24,18-Sep-24,20-Sep-24,23-Sep-24
Exp429,240029981,M168,MRL/MpJ CSY,Exp,F,"18,91",Both,D,D,11-Jul-24,6-Aug-24,23-Sep-24,240023136,MRL/MpJ CSY,240023139,MRL/MpJ CSY,39563,,,,17-Sep-24,18-Sep-24,20-Sep-24,23-Sep-24
Exp430,240030019,E765,N8,Exp,F,"10,25",L,D,,15-Jul-24,6-Aug-24,23-Sep-24,230054670,C57BL/6J CU,230050186,N7,38806,,,,17-Sep-24,19-Sep-24,20-Sep-24,23-Sep-24
Exp430,240029982,M169,MRL/MpJ CSY,Exp,F,"18,26",Both,D,D,11-Jul-24,6-Aug-24,23-Sep-24,240023136,MRL/MpJ CSY,240023139,MRL/MpJ CSY,39563,,,,17-Sep-24,19-Sep-24,20-Sep-24,23-Sep-24
Exp431,240030020,E766,N8,Exp,F,"11,48",L,D,,15-Jul-24,6-Aug-24,23-Sep-24,230054670,C57BL/6J CU,230050186,N7,38806,,,,17-Sep-24,19-Sep-24,20-Sep-24,23-Sep-24
Exp431,240029998,M176,MRL/MpJ CSY,Exp,F,"15,20",Both,D,D,11-Jul-24,6-Aug-24,23-Sep-24,240023137,MRL/MpJ CSY,240023140,MRL/MpJ CSY,39564,,,,17-Sep-24,19-Sep-24,20-Sep-24,23-Sep-24
Exp432,240030070,E771,N8,Exp,F,"7,61",L,D,,18-Jul-24,6-Aug-24,30-Sep-24,240009945,N7,240011997,C57BL/6J CU,39605,,,,17-Sep-24,No VR,20-Sep-24,30-Sep-24
Exp432,240029999,M177,MRL/MpJ CSY,Exp,F,"15,96",Both,A,D,11-Jul-24,6-Aug-24,30-Sep-24,240023137,MRL/MpJ CSY,240023140,MRL/MpJ CSY,39564,,,,17-Sep-24,No VR,20-Sep-24,30-Sep-24
Exp433,240030071,E772,N8,Exp,F,"7,52",L,D,,18-Jul-24,6-Aug-24,30-Sep-24,240009945,N7,240011997,C57BL/6J CU,39605,,,,17-Sep-24,No VR,20-Sep-24,30-Sep-24
Exp433,240030000,M178,MRL/MpJ CSY,Exp,F,"15,94",Both,D,D,11-Jul-24,6-Aug-24,30-Sep-24,240023137,MRL/MpJ CSY,240023140,MRL/MpJ CSY,39564,,,,17-Sep-24,No VR,20-Sep-24,30-Sep-24
Exp434,240030072,E773,N8,Exp,F,"7,10",L,D,,18-Jul-24,6-Aug-24,30-Sep-24,240009945,N7,240011997,C57BL/6J CU,39605,,,,17-Sep-24,No VR,20-Sep-24,30-Sep-24
Exp434,240030001,M179,MRL/MpJ CSY,Exp,F,"14,76",Both,D,D,11-Jul-24,6-Aug-24,30-Sep-24,240023137,MRL/MpJ CSY,240023140,MRL/MpJ CSY,39564,,,,17-Sep-24,No VR,20-Sep-24,30-Sep-24
Exp435,240031447,E774,N9,Exp,M,"9,69",L,D,,24-Jul-24,16-Aug-24,1-Oct-24,240012844,C57BL/6J CU,240009976,N8,39402,,,,27-Sep-24,25-Sep-24,30-Sep-24,1-Oct-24
Exp435,240031453,C146,CBA/J BIT,Exp,M,"10,55",Both,D,D,25-Jul-24,16-Aug-24,1-Oct-24,240018676,CBA/J BIT,240017685,CBA/J BIT,39404,,,,27-Sep-24,25-Sep-24,30-Sep-24,1-Oct-24
Exp436,240031448,E775,N9,Exp,F,"9,82",L,D,,24-Jul-24,16-Aug-24,1-Oct-24,240012844,C57BL/6J CU,240009976,N8,39402,,,,27-Sep-24,25-Sep-24,30-Sep-24,1-Oct-24
Exp436,240031459,C152,CBA/J BIT,Exp,F,"9,28",Both,D,D,25-Jul-24,16-Aug-24,1-Oct-24,240018676,CBA/J BIT,240017685,CBA/J BIT,39404,,,,27-Sep-24,25-Sep-24,30-Sep-24,1-Oct-24
Exp437,240031449,E776,N9,Exp,F,"9,71",L,D,,24-Jul-24,16-Aug-24,1-Oct-24,240012844,C57BL/6J CU,240009976,N8,39402,,,,27-Sep-24,26-Sep-24,30-Sep-24,1-Oct-24
Exp437,240031460,C153,CBA/J BIT,Exp,F,"10,02",Both,D,D,25-Jul-24,16-Aug-24,1-Oct-24,240018676,CBA/J BIT,240017685,CBA/J BIT,39404,,,,27-Sep-24,26-Sep-24,30-Sep-24,1-Oct-24
Exp438,240031701,E780,N8,Exp,M,"7,41",L,D,,30-Jul-24,20-Aug-24,1-Oct-24,240009943,N7,240009960,C57BL/6J CU,39569,,,,1-Oct-24,26-Sep-24,4-Oct-24,1-Oct-24
Exp438,240031696,C154,CBA/J BIT,Exp,M,"14,19",Both,D,D,29-Jul-24,20-Aug-24,1-Oct-24,240017684,CBA/J BIT,240017039,CBA/J BIT,39403,,,,1-Oct-24,26-Sep-24,4-Oct-24,1-Oct-24
Exp439,240031702,E781,N8,Exp,M,"7,21",L,D,,30-Jul-24,20-Aug-24,4-Oct-24,240009943,N7,240009960,C57BL/6J CU,39569,,,,1-Oct-24,30-Sep-24,4-Oct-24,4-Oct-24
Exp439,240031697,C155,CBA/J BIT,Exp,M,"11,39",Both,D,D,29-Jul-24,20-Aug-24,4-Oct-24,240017684,CBA/J BIT,240017039,CBA/J BIT,39403,,,,1-Oct-24,30-Sep-24,4-Oct-24,4-Oct-24
Exp440,240031703,E782,N8,Exp,M,"8,34",L,D,,30-Jul-24,20-Aug-24,4-Oct-24,240009943,N7,240009960,C57BL/6J CU,39569,,,,1-Oct-24,30-Sep-24,4-Oct-24,4-Oct-24
Exp440,240031698,C156,CBA/J BIT,Exp,M,"14,30",Both,D,D,29-Jul-24,20-Aug-24,4-Oct-24,240017684,CBA/J BIT,240017039,CBA/J BIT,39403,,,,1-Oct-24,30-Sep-24,4-Oct-24,4-Oct-24
Exp441,240031704,E783,N8,Exp,F,"7,20",L,D,,30-Jul-24,20-Aug-24,4-Oct-24,240009943,N7,240009960,C57BL/6J CU,39569,,,,1-Oct-24,1-Oct-24,4-Oct-24,4-Oct-24
Exp441,240031699,C157,CBA/J BIT,Exp,F,"11,48",Both,D,D,29-Jul-24,20-Aug-24,4-Oct-24,240017684,CBA/J BIT,240017039,CBA/J BIT,39403,,,,1-Oct-24,1-Oct-24,4-Oct-24,4-Oct-24
Exp442,240031705,E784,N8,Exp,F,"7,04",L,D,,30-Jul-24,20-Aug-24,4-Oct-24,240009943,N7,240009960,C57BL/6J CU,39569,,,,1-Oct-24,1-Oct-24,4-Oct-24,4-Oct-24
Exp442,240031700,C158,CBA/J BIT,Exp,F,"10,21",Both,D,D,29-Jul-24,20-Aug-24,4-Oct-24,240017684,CBA/J BIT,240017039,CBA/J BIT,39403,,,,1-Oct-24,1-Oct-24,4-Oct-24,4-Oct-24
Exp443,240032903,E788,N10,Exp,M,"7,74",L,D,,7-Aug-24,28-Aug-24,4-Oct-24,240001469,N9,240001067,C57BL/6J CU,38915,,,,9-Oct-24,2-Oct-24,12-Oct-24,4-Oct-24
Exp443,240032893,M182,MRL/MpJ CSY,Exp,M,"9,20",Both,D,D,7-Aug-24,28-Aug-24,4-Oct-24,240023135,MRL/MpJ CSY,240023138,MRL/MpJ CSY,39562,,,FST before expected date - focal with moderate wounds,9-Oct-24,2-Oct-24,12-Oct-24,4-Oct-24
Exp445,240032905,E790,N10,Exp,M,"7,49",L,A,,7-Aug-24,28-Aug-24,4-Oct-24,240001469,N9,240001067,C57BL/6J CU,38915,,,,9-Oct-24,2-Oct-24,12-Oct-24,4-Oct-24
Exp445,240032895,M184,MRL/MpJ CSY,Exp,M,"12,49",Both,D,D,7-Aug-24,28-Aug-24,4-Oct-24,240023135,MRL/MpJ CSY,240023138,MRL/MpJ CSY,39562,,,FST before expected date - focal with moderate wounds,9-Oct-24,2-Oct-24,12-Oct-24,4-Oct-24
Exp449,240032909,E794,N10,Exp,M,"6,71",L,D,,7-Aug-24,28-Aug-24,11-Oct-24,240001469,N9,240001067,C57BL/6J CU,38915,,,,9-Oct-24,7-Oct-24,12-Oct-24,11-Oct-24
Exp449,240032899,M188,MRL/MpJ CSY,Exp,M,"9,84",Both,D,D,7-Aug-24,28-Aug-24,11-Oct-24,240023135,MRL/MpJ CSY,240023138,MRL/MpJ CSY,39562,,,"Mild fight wounds, FST asap",9-Oct-24,7-Oct-24,12-Oct-24,11-Oct-24
Exp446,240032906,E791,N10,Exp,M,"7,83",L,D,,7-Aug-24,28-Aug-24,14-Oct-24,240001469,N9,240001067,C57BL/6J CU,38915,,,,9-Oct-24,3-Oct-24,12-Oct-24,14-Oct-24
Exp446,240032896,M185,MRL/MpJ CSY,Exp,M,"11,08",Both,D,D,7-Aug-24,28-Aug-24,14-Oct-24,240023135,MRL/MpJ CSY,240023138,MRL/MpJ CSY,39562,,,,9-Oct-24,3-Oct-24,12-Oct-24,14-Oct-24
Exp448,240032908,E793,N10,Exp,M,"7,19",L,D,,7-Aug-24,28-Aug-24,14-Oct-24,240001469,N9,240001067,C57BL/6J CU,38915,,,,9-Oct-24,7-Oct-24,12-Oct-24,14-Oct-24
Exp448,240032898,M187,MRL/MpJ CSY,Exp,M,"9,30",Both,D,D,7-Aug-24,28-Aug-24,14-Oct-24,240023135,MRL/MpJ CSY,240023138,MRL/MpJ CSY,39562,,,,9-Oct-24,7-Oct-24,12-Oct-24,14-Oct-24
Exp453,240032910,E795,N10,Exp,F,"6,82",L,D,,7-Aug-24,28-Aug-24,14-Oct-24,240001469,N9,240001067,C57BL/6J CU,38915,,,,9-Oct-24,8-Oct-24,12-Oct-24,14-Oct-24
Exp453,240032873,M195,MRL/MpJ CSY,Exp,F,"9,70",Both,D,D,4-Aug-24,28-Aug-24,14-Oct-24,240023136,MRL/MpJ CSY,240023139,MRL/MpJ CSY,39563,,,IBA 05/09 ocular problems (blefaritis) - cured,9-Oct-24,8-Oct-24,12-Oct-24,14-Oct-24
Exp454,240032911,E796,N10,Exp,F,"6,13",L,D,,7-Aug-24,28-Aug-24,14-Oct-24,240001469,N9,240001067,C57BL/6J CU,38915,,,,9-Oct-24,8-Oct-24,12-Oct-24,14-Oct-24
Exp454,240032874,M196,MRL/MpJ CSY,Exp,F,"15,25",Both,D,D,4-Aug-24,28-Aug-24,14-Oct-24,240023136,MRL/MpJ CSY,240023139,MRL/MpJ CSY,39563,,,,9-Oct-24,8-Oct-24,12-Oct-24,14-Oct-24
Exp455,240032880,E801,N8,Exp,F,"11,00",L,D,,3-Aug-24,28-Aug-24,14-Oct-24,240009942,N7,240011995,C57BL/6J CU,39401,,,,9-Oct-24,9-Oct-24,12-Oct-24,14-Oct-24
Exp455,240032875,M197,MRL/MpJ CSY,Exp,F,"14,76",Both,D,D,4-Aug-24,28-Aug-24,14-Oct-24,240023136,MRL/MpJ CSY,240023139,MRL/MpJ CSY,39563,,,,9-Oct-24,9-Oct-24,12-Oct-24,14-Oct-24
Exp456,240032881,E802,N8,Exp,F,"11,25",L,D,,3-Aug-24,28-Aug-24,14-Oct-24,240009942,N7,240011995,C57BL/6J CU,39401,,,,9-Oct-24,9-Oct-24,12-Oct-24,14-Oct-24
Exp456,240032876,M198,MRL/MpJ CSY,Exp,F,"18,14",Both,D,D,4-Aug-24,28-Aug-24,14-Oct-24,240023136,MRL/MpJ CSY,240023139,MRL/MpJ CSY,39563,,,,9-Oct-24,9-Oct-24,12-Oct-24,14-Oct-24
Exp457,240032882,E803,N8,Exp,F,"11,52",L,D,,3-Aug-24,28-Aug-24,16-Oct-24,240009942,N7,240011995,C57BL/6J CU,39401,,,,9-Oct-24,10-Oct-24,12-Oct-24,16-Oct-24
Exp457,240032889,M202,MRL/MpJ CSY,Exp,F,"14,80",Both,D,D,4-Aug-24,28-Aug-24,16-Oct-24,240023137,MRL/MpJ CSY,240023140,MRL/MpJ CSY,39564,,,,9-Oct-24,10-Oct-24,12-Oct-24,16-Oct-24
Exp458,240032883,E804,N8,Exp,F,"11,59",L,D,,3-Aug-24,28-Aug-24,16-Oct-24,240009942,N7,240011995,C57BL/6J CU,39401,,,,9-Oct-24,10-Oct-24,12-Oct-24,16-Oct-24
Exp458,240032890,M203,MRL/MpJ CSY,Exp,F,"14,60",Both,D,D,4-Aug-24,28-Aug-24,16-Oct-24,240023137,MRL/MpJ CSY,240023140,MRL/MpJ CSY,39564,,,,9-Oct-24,10-Oct-24,12-Oct-24,16-Oct-24
Exp459,240032884,E805,N8,Exp,F,"10,30",L,D,,3-Aug-24,28-Aug-24,16-Oct-24,240009942,N7,240011995,C57BL/6J CU,39401,,,,9-Oct-24,No VR,12-Oct-24,16-Oct-24
Exp459,240032891,M204,MRL/MpJ CSY,Exp,F,"15,15",Both,D,D,4-Aug-24,28-Aug-24,16-Oct-24,240023137,MRL/MpJ CSY,240023140,MRL/MpJ CSY,39564,,,,9-Oct-24,No VR,12-Oct-24,16-Oct-24
Exp460,240032885,E806,N8,Exp,F,"10,21",L,D,,3-Aug-24,28-Aug-24,16-Oct-24,240009942,N7,240011995,C57BL/6J CU,39401,,,,9-Oct-24,No VR,12-Oct-24,16-Oct-24
Exp460,240032892,M205,MRL/MpJ CSY,Exp,F,"13,99",Both,D,D,4-Aug-24,28-Aug-24,16-Oct-24,240023137,MRL/MpJ CSY,240023140,MRL/MpJ CSY,39564,,,,9-Oct-24,No VR,12-Oct-24,16-Oct-24
Exp465,240036787,E825,N10,Exp,M,"12,06",L,D,,30-Aug-24,25-Sep-24,24-Oct-24,240009663,C57BL/6J CU,240012876,N9,39568,,,4 w experiment,6-Nov-24,15-Oct-24,9-Nov-24,24-Oct-24
Exp465,240036817,C164,CBA/J BIT,Exp,M,"9,20",Both,D,D,9-Sep-24,25-Sep-24,24-Oct-24,240017684,CBA/J BIT,240017039,CBA/J BIT,39403,,,4 w experiment - IBA 22/10 fight wounds,6-Nov-24,15-Oct-24,9-Nov-24,24-Oct-24
Exp466,240036788,E826,N10,Exp,M,"11,76",L,D,,30-Aug-24,25-Sep-24,24-Oct-24,240009663,C57BL/6J CU,240012876,N9,39568,,,4 w experiment,6-Nov-24,16-Oct-24,9-Nov-24,24-Oct-24
Exp466,240036779,C170,CBA/J BIT,Exp,M,"18,53",Both,D,D,27-Aug-24,25-Sep-24,24-Oct-24,240023132,CBA/J BIT,240023134,CBA/J BIT,39566,,,4 w experiment - IBA 22/10 fight wounds,6-Nov-24,16-Oct-24,9-Nov-24,24-Oct-24
Exp467,240036789,E827,N10,Exp,M,"12,17",L,D,,30-Aug-24,25-Sep-24,24-Oct-24,240009663,C57BL/6J CU,240012876,N9,39568,,,4 w experiment,6-Nov-24,16-Oct-24,9-Nov-24,24-Oct-24
Exp467,240036803,M206,MRL/MpJ CSY,Exp,M,"10,55",Both,D,D,4-Sep-24,25-Sep-24,24-Oct-24,240023135,MRL/MpJ CSY,240023138,MRL/MpJ CSY,39562,,,4 w experiment - IBA 22/10 fight wounds,6-Nov-24,16-Oct-24,9-Nov-24,24-Oct-24
Exp469,240036809,E838,N8,Exp,M,"12,98",L,D,,1-Sep-24,25-Sep-24,24-Oct-24,240009945,N7,240011997,C57BL/6J CU,39605,,,4 w experiment,6-Nov-24,17-Oct-24,9-Nov-24,24-Oct-24
Exp469,240036805,M208,MRL/MpJ CSY,Exp,M,"10,83",Both,D,D,4-Sep-24,25-Sep-24,24-Oct-24,240023135,MRL/MpJ CSY,240023138,MRL/MpJ CSY,39562,,,4 w experiment - IBA 22/10 fight wounds,6-Nov-24,17-Oct-24,9-Nov-24,24-Oct-24
Exp472,240036812,E841,N8,Exp,M,"11,59",L,D,,1-Sep-24,25-Sep-24,24-Oct-24,240009945,N7,240011997,C57BL/6J CU,39605,,,4 w experiment - VR stopped 16 hs,6-Nov-24,21-Oct-24,9-Nov-24,24-Oct-24
Exp472,240036784,M214,MRL/MpJ CSY,Exp,M,"21,95",Both,D,D,28-Aug-24,25-Sep-24,24-Oct-24,240023136,MRL/MpJ CSY,240023139,MRL/MpJ CSY,39563,,,4 w experiment - VR stopped 16 hs - fight wounds!,6-Nov-24,21-Oct-24,9-Nov-24,24-Oct-24
Exp461,240034895,E818,N9,Exp,F,"7,60",L,D,,18-Aug-24,12-Sep-24,25-Oct-24,240012844,C57BL/6J CU,240009976,N8,39402,,,,24-Oct-24,14-Oct-24,27-Oct-24,25-Oct-24
Exp461,240034903,C160,CBA/J BIT,Exp,F,"10,23",Both,D,D,23-Aug-24,12-Sep-24,25-Oct-24,240023131,CBA/J BIT,240023133,CBA/J BIT,39565,,,,24-Oct-24,14-Oct-24,27-Oct-24,25-Oct-24
Exp462,240034899,E821,N8,Exp,F,"6,09",L,D,,23-Aug-24,12-Sep-24,25-Oct-24,240009943,N7,240009960,C57BL/6J CU,39569,,,,24-Oct-24,14-Oct-24,27-Oct-24,25-Oct-24
Exp462,240034904,C161,CBA/J BIT,Exp,F,"10,77",Both,D,D,23-Aug-24,12-Sep-24,25-Oct-24,240023131,CBA/J BIT,240023133,CBA/J BIT,39565,,,,24-Oct-24,14-Oct-24,27-Oct-24,25-Oct-24
Exp463,240034900,E822,N8,Exp,F,"6,58",L,D,,23-Aug-24,12-Sep-24,25-Oct-24,240009943,N7,240009960,C57BL/6J CU,39569,,,,24-Oct-24,15-Oct-24,27-Oct-24,25-Oct-24
Exp463,240034905,C162,CBA/J BIT,Exp,F,"10,73",Both,D,D,23-Aug-24,12-Sep-24,25-Oct-24,240023131,CBA/J BIT,240023133,CBA/J BIT,39565,,,,24-Oct-24,15-Oct-24,27-Oct-24,25-Oct-24
Exp464,240034901,E823,N8,Exp,F,"6,00",L,D,,23-Aug-24,12-Sep-24,25-Oct-24,240009943,N7,240009960,C57BL/6J CU,39569,,,IBA 10/10 maloclusion - Incisors cutted 11/10 - Weight increase 14/10,24-Oct-24,No VR,27-Oct-24,25-Oct-24
Exp464,240034906,C163,CBA/J BIT,Exp,F,"10,09",Both,D,D,23-Aug-24,12-Sep-24,25-Oct-24,240023131,CBA/J BIT,240023133,CBA/J BIT,39565,,,,24-Oct-24,No VR,27-Oct-24,25-Oct-24
Exp468,240036813,E834,N11,Exp,M,"9,31",L,D,,5-Sep-24,25-Sep-24,29-Oct-24,240025447,C57BL/6J CU,240026871,N10,39878,,,4 w experiment,6-Nov-24,17-Oct-24,9-Nov-24,29-Oct-24
Exp468,240036804,M207,MRL/MpJ CSY,Exp,M,"13,60",Both,D,D,4-Sep-24,25-Sep-24,29-Oct-24,240023135,MRL/MpJ CSY,240023138,MRL/MpJ CSY,39562,,,4 w experiment,6-Nov-24,17-Oct-24,9-Nov-24,29-Oct-24
Exp471,240036811,E840,N8,Exp,M,"9,98",L,D,,1-Sep-24,25-Sep-24,29-Oct-24,240009945,N7,240011997,C57BL/6J CU,39605,,,4 w experiment - VR stopped 16 hs,6-Nov-24,21-Oct-24,9-Nov-24,29-Oct-24
Exp471,240036783,M213,MRL/MpJ CSY,Exp,M,"20,88",Both,D,D,28-Aug-24,25-Sep-24,29-Oct-24,240023136,MRL/MpJ CSY,240023139,MRL/MpJ CSY,39563,,,4 w experiment - VR stopped 16 hs,6-Nov-24,21-Oct-24,9-Nov-24,29-Oct-24
Exp473,240036793,E831,N10,Exp,F,"9,70",L,D,,30-Aug-24,25-Sep-24,29-Oct-24,240009663,C57BL/6J CU,240012876,N9,39568,,,4 w experiment,6-Nov-24,22-Oct-24,9-Nov-24,29-Oct-24
Exp473,240036780,C171,CBA/J BIT,Exp,F,"16,11",Both,D,D,27-Aug-24,25-Sep-24,29-Oct-24,240023132,CBA/J BIT,240023134,CBA/J BIT,39566,,,4 w experiment,6-Nov-24,22-Oct-24,9-Nov-24,29-Oct-24
Exp474,240036794,E832,N10,Exp,F,"9,72",L,D,,30-Aug-24,25-Sep-24,29-Oct-24,240009663,C57BL/6J CU,240012876,N9,39568,,,4 w experiment,6-Nov-24,22-Oct-24,9-Nov-24,29-Oct-24
Exp474,240036806,M209,MRL/MpJ CSY,Exp,F,"12,72",Both,D,D,4-Sep-24,25-Sep-24,29-Oct-24,240023135,MRL/MpJ CSY,240023138,MRL/MpJ CSY,39562,,,4 w experiment,6-Nov-24,22-Oct-24,9-Nov-24,29-Oct-24
Exp475,240036795,E833,N10,Exp,F,"10,52",L,D,,30-Aug-24,25-Sep-24,31-Oct-24,240009663,C57BL/6J CU,240012876,N9,39568,,,4 w experiment,6-Nov-24,23-Oct-24,9-Nov-24,31-Oct-24
Exp475,240036807,M210,MRL/MpJ CSY,Exp,F,"14,38",Both,D,D,4-Sep-24,25-Sep-24,31-Oct-24,240023135,MRL/MpJ CSY,240023138,MRL/MpJ CSY,39562,,,4 w experiment,6-Nov-24,23-Oct-24,9-Nov-24,31-Oct-24
Exp476,240036814,E835,N11,Exp,F,"8,99",L,D,,5-Sep-24,25-Sep-24,31-Oct-24,240025447,C57BL/6J CU,240026871,N10,39878,,,4 w experiment,6-Nov-24,23-Oct-24,9-Nov-24,31-Oct-24
Exp476,240036808,M211,MRL/MpJ CSY,Exp,F,"12,39",Both,D,D,4-Sep-24,25-Sep-24,31-Oct-24,240023135,MRL/MpJ CSY,240023138,MRL/MpJ CSY,39562,,,4 w experiment,6-Nov-24,23-Oct-24,9-Nov-24,31-Oct-24
Exp477,240036815,E836,N11,Exp,F,"8,60",L,D,,5-Sep-24,25-Sep-24,31-Oct-24,240025447,C57BL/6J CU,240026871,N10,39878,,,4 w experiment,6-Nov-24,24-Oct-24,9-Nov-24,31-Oct-24
Exp477,240036785,M215,MRL/MpJ CSY,Exp,F,"18,94",Both,D,D,28-Aug-24,25-Sep-24,31-Oct-24,240023136,MRL/MpJ CSY,240023139,MRL/MpJ CSY,39563,,,4 w experiment - IBA ocular problems 30/10,6-Nov-24,24-Oct-24,9-Nov-24,31-Oct-24
Exp478,240036816,E837,N11,Exp,F,"8,74",L,D,,5-Sep-24,25-Sep-24,31-Oct-24,240025447,C57BL/6J CU,240026871,N10,39878,,,4 w experiment,6-Nov-24,24-Oct-24,9-Nov-24,31-Oct-24
Exp478,240036786,M216,MRL/MpJ CSY,Exp,F,"17,24",Both,D,D,28-Aug-24,25-Sep-24,31-Oct-24,240023136,MRL/MpJ CSY,240023139,MRL/MpJ CSY,39563,,,4 w experiment,6-Nov-24,24-Oct-24,9-Nov-24,31-Oct-24
Exp479,240037142,E845,N9,Exp,M,"7,04",L,D,,8-Sep-24,27-Sep-24,1-Nov-24,240012844,C57BL/6J CU,240009976,N8,39402,,,4 w experiment,8-Nov-24,28-Oct-24,11-Nov-24,1-Nov-24
Exp479,240037146,C173,CBA/J BIT,Exp,M,"10,29",Both,D,D,9-Sep-24,27-Sep-24,1-Nov-24,240018676,CBA/J BIT,240017685,CBA/J BIT,39404,,,4 w experiment,8-Nov-24,28-Oct-24,11-Nov-24,1-Nov-24
Exp480,240037143,E846,N9,Exp,F,"6,99",L,D,,8-Sep-24,27-Sep-24,1-Nov-24,240012844,C57BL/6J CU,240009976,N8,39402,,,4 w experiment,8-Nov-24,28-Oct-24,11-Nov-24,1-Nov-24
Exp480,240036818,C165,CBA/J BIT,Exp,F,"10,84",Both,D,D,9-Sep-24,27-Sep-24,1-Nov-24,240017684,CBA/J BIT,240017039,CBA/J BIT,39403,,,4 w experiment,8-Nov-24,28-Oct-24,11-Nov-24,1-Nov-24
Exp481,240037144,E847,N9,Exp,F,"6,93",L,D,,8-Sep-24,27-Sep-24,1-Nov-24,240012844,C57BL/6J CU,240009976,N8,39402,,,4 w experiment,8-Nov-24,29-Oct-24,11-Nov-24,1-Nov-24
Exp481,240037147,C174,CBA/J BIT,Exp,F,"10,78",Both,D,D,9-Sep-24,27-Sep-24,1-Nov-24,240018676,CBA/J BIT,240017685,CBA/J BIT,39404,,,4 w experiment,8-Nov-24,29-Oct-24,11-Nov-24,1-Nov-24
Exp482,240037145,E848,N9,Exp,F,"6,87",L,D,,8-Sep-24,27-Sep-24,1-Nov-24,240012844,C57BL/6J CU,240009976,N8,39402,,,4 w experiment,8-Nov-24,29-Oct-24,11-Nov-24,1-Nov-24
Exp482,240037148,C175,CBA/J BIT,Exp,F,"8,36",Both,A,D,9-Sep-24,27-Sep-24,1-Nov-24,240018676,CBA/J BIT,240017685,CBA/J BIT,39404,,,4 w experiment,8-Nov-24,29-Oct-24,11-Nov-24,1-Nov-24
,,,,,,,,,,,,,,,,,,,,,,,,
,,,,,,,,,,,,,,,,,,,,,,,,
,,,,,,,,,,,,,,,,,,,,,,,,
,,,,,,,,,,,,,,,,,,,,,,,,
,,,,,,,,,,,,,,,,,,,,,,,,
,,,,,,,,,,,,,,,,,,,,,,,,
,,,,,,,,,,,,,,,,,,,,,,,,
Exp 56,230026184,E110,N7,Exp,M,"11,2",L,,,5-Jun-23,26-Jun-23,18-Jul-23,230006172,C57BL/6J CU,230007863,N6,37197,,3b,,2-Aug-23,25-Jan-24,10-Aug-23,
Exp 56,230026205,D26,DBA/2J AZM,Exp,M,"10,2",Both,,,4-Jun-23,26-Jun-23,18-Jul-23,230008660,DBA/2J AZM,230008666,DBA/2J AZM,37216,,4b,DEAD in the cage(17.07.23),2-Aug-23,25-Jan-24,10-Aug-23,
Exp4,230001527,C2,CBA/J BIT,Exp,F,"11,36",RL,,,23-Dec-22,16-Jan-23,16-Jan-23,220048506,CBA/J BIT,220048503,CBA/J BIT,36621,,,Sac (wrong sex set up),,,,
Exp1,230001515,M1,MRL/MpJ CSY,Exp,M,"14,15",Both,,,21-Dec-22,28-Jan-23,28-Jan-23,220048524,MRL/MpJ CSY,220048521,MRL/MpJ CSY,36624,,,"Sac on 28.01.23, severe injuries from fights",,,,
Exp3,230001526,C1,CBA/J BIT,Exp,F,"11,5",RL,,,23-Dec-22,31-Jan-23,16-Jan-23,220048506,CBA/J BIT,220048503,CBA/J BIT,36621,,,Sac,,,,
Exp1,230001517,E1,N6,Exp,M,9.85,L,,,21-Dec-22,15-Feb-23,15-Feb-23,220050245,N5,220048509,C57BL/6J CU,36627,genotyped,,CAN SAC,,,,
Exp3,230001523,E3,N6,Exp,M,9.54,L,,,22-Dec-22,15-Feb-23,15-Feb-23,220048512,C57BL/6J CU,220050247,N5,36625,genotyped,,CAN SAC,,,,
Exp 20,230008658,D9,DBA/2J AZM,Exp,M,8.15,Both,,,8-Feb-23,1-Mar-23,27-Mar-23,220048517,DBA/2J AZM,220048514,DBA/2J AZM,36653,,2a,severe injuries,,,,
Exp 20,230008147,E27,N6,Exp,M,9.5,L,,,6-Feb-23,1-Mar-23,27-Mar-23,220050245,N5,220048509,C57BL/6J CU,36627,genotyped,1a,SAC,,,,
Exp 14,230008143,E23,N6,Exp,M,8.67,L,,,6-Feb-23,27-Feb-23,14-Apr-23,220050245,N5,220048509,C57BL/6J CU,36627,genotyped,1a,SAC,,,,
Exp 14,230008418,C12,CBA/J BIT,Exp,M,11.42,Both,,,5-Feb-23,27-Feb-23,3-Apr-23,220048506,CBA/J BIT,220048503,CBA/J BIT,36621,,2a,separated by PRB tech then SACed due to severe injuries,,,,
Exp 17,230008146,E26,N6,Exp,M,8.54,L,,,6-Feb-23,27-Feb-23,14-Apr-23,220050245,N5,220048509,C57BL/6J CU,36627,genotyped,3b,SAC,,,,
Exp 17,230008421,C15,CBA/J BIT,Exp,M,12.34,Both,,,5-Feb-23,27-Feb-23,2-Apr-23,220048506,CBA/J BIT,220048503,CBA/J BIT,36621,,4b,Dead in the cage on 02.04.2023,,,,
Exp 64,230028825,E130,N8,Exp,F,"6,83",L,,,22-Jun-23,13-Jul-23,28-Jul-23,230002769,N7,230017826,C57BL/6J CU,37570,,,Have to sac,24-Aug-23,,27-Aug-23,
Exp 64,230028823,C36,CBA/J BIT,Exp,M,"11,2",Both,,,22-Jun-23,13-Jul-23,28-Jul-23,230017799,CBA/J BIT,230017801,CBA/J BIT,37555,,,Have to sac,24-Aug-23,,27-Aug-23,
Exp 54,230026177,E108,N7,Exp,M,"8,96",L,,,3-Jun-23,26-Jun-23,28-Jul-23,230007860,N6,230006174,C57BL/6J CU,37196,,3a,,7-Aug-23,,10-Aug-23,
Exp 54,230026204,D25,DBA/2J AZM,Exp,M,"10,03",Both,,,4-Jun-23,26-Jun-23,28-Jul-23,230008660,DBA/2J AZM,230008666,DBA/2J AZM,37216,,4a,,7-Aug-23,,10-Aug-23,
Exp 61,230028515,E117,N7,Exp,F,"9,66",L,,,20-Jun-23,12-Jul-23,3-Aug-23,230017805,N6,230016733,C57BL/6J CU,37552,,,Cagemate removed for breeding so sacked M54,23-Aug-23,,26-Aug-23,28-Aug-23
Exp 62,230028516,E118,N7,Exp,F,"9,46",L,,,20-Jun-23,12-Jul-23,3-Aug-23,230017805,N6,230016733,C57BL/6J CU,37552,,,Cagemate removed for breeding so sacked M55,23-Aug-23,,26-Aug-23,28-Aug-23
Exp 75,230029811,E155,N7,Exp,F,"7,8",L,,,30-Jun-23,21-Jul-23,3-Aug-23,230017806,N6,230019405,C57BL/6J CU,37588,,,,1-Sep-23,,4-Sep-23,
Exp 75,230029804,B71,C57BL/6J CU,Exp,F,7-Jan-00,Both,,,29-Jun-23,21-Jul-23,3-Aug-23,230006173,C57BL/6J CU,230015267,C57BL/6J CU,37484,,,Don't know why she died. No wounds ,1-Sep-23,,4-Sep-23,
Exp 67,230029634,E141,N8,Exp,M,"8,45",,,,29-Jun-23,20-Jul-23,11-Aug-23,230017821,N7,230019404,C57BL/6J CU,37587,,,,31-Aug-23,,3-Sep-23,
Exp 67,230029624,D38,DBA/2J AZM,Exp,F,"5,11",Both,,,25-Jun-23,20-Jul-23,11-Aug-23,230008660,DBA/2J AZM,230008666,DBA/2J AZM,37216,,,,31-Aug-23,,3-Sep-23,
Exp 63,230028824,E129,N8,Exp,M,"7,95",L,,,22-Jun-23,13-Jul-23,24-Aug-23,230002769,N7,230017826,C57BL/6J CU,37570,,,,23-Aug-23,,27-Aug-23,28-Aug-23
Exp 63,230028822,C35,CBA/J BIT,Exp,M,"12,34",Both,,,22-Jun-23,13-Jul-23,24-Aug-23,230017799,CBA/J BIT,230017801,CBA/J BIT,37555,,,,23-Aug-23,,27-Aug-23,28-Aug-23
Exp95,230033501,E195,N7,Exp,F,"8,9",L,,,25-Jul-23,21-Aug-23,19th September 2023,230017814,N6,230020410,C57BL/6J CU,37616,,,Dead in cage,2-Oct-23,1-Aug-23,5-Oct-23,29-Sep-23
Exp95,230033987,D55,DBA/2J AZM,Exp,F,"10,67",Both,,,30-Jul-23,21-Aug-23,25-Sep-23,230008659,DBA/2J AZM,230008665,DBA/2J AZM,37215,,,,,1-Aug-23,,
Exp107,230036015,E215,N8,Exp,M,"9,0",L,,,13-Aug-23,3-Sep-23,16-Oct-23,230017821,N7,230019404,C57BL/6J CU,37587,,,Sacrificed,,,18-Oct-23,23-Oct-23
Exp107,230036033,M56,MRL/MpJ CSY,Exp,M,"13,4",Both,,,14-Aug-23,3-Sep-23,16-Oct-23,230009428,MRL/MpJ CSY,230009431,MRL/MpJ CSY,37270,,,Injured so saaced,,,18-Oct-23,23-Oct-23
Exp112,230040019,E228,N7,Exp,M,"13,96",L,,,3-Sep-23,30-Sep-23,3-Nov-23,230007860,N6,230006174,C57BL/6J CU,37196,,,,11-Nov-23,,14-Nov-23,
Exp112,230040038,D59,DBA/2J AZM,Exp,M,"10,59",Both,,,6-Sep-23,30-Sep-23,3-Nov-23,230008659,DBA/2J AZM,230008665,DBA/2J AZM,37215,,,,11-Nov-23,,14-Nov-23,
Exp130,230048919,E286,N8,Exp,M,"13,76",L,,,26-Oct-23,21-Nov-23,14-Dec-23,230032834,C57BL/6J CU,230032845,N7,38087,,,,2-Jan-24,,5-Jan-24,
Exp130,230048942,C62,CBA/J BIT,Exp,M,"9,34",Both,,,31-Oct-23,21-Nov-23,14-Dec-23,230017799,CBA/J BIT,230017801,CBA/J BIT,37555,,,IBA fight wounds,2-Jan-24,,5-Jan-24,
Exp129,230048918,E285,N8,Exp,M,"12,0",L,,,26-Oct-23,21-Nov-23,21-Dec-23,230032834,C57BL/6J CU,230032845,N7,38087,,,,2-Jan-24,,5-Jan-24,
Exp129,230048941,C61,CBA/J BIT,Exp,M,"8,32",Both,,,31-Oct-23,21-Nov-23,21-Dec-23,230017799,CBA/J BIT,230017801,CBA/J BIT,37555,,,IBA fight wounds,2-Jan-24,,5-Jan-24,
Exp153,230052145,E319,N7,Exp,F,"10,93",L,D,,15-Nov-23,7-Dec-23,21-Dec-23,230017803,N6,230016732,C57BL/6J CU,37551,,,,,26-Sep-23,,
Exp153,230052149,D81,DBA/2J AZM,Exp,F,"10,66",Both,D,A,12-Nov-23,7-Dec-23,21-Dec-23,230033982,DBA/2J AZM,230033508,DBA/2J AZM,38171,,,,,,,
Exp125,230048436,E274,N9,Exp,M,"9,3",L,,,23-Oct-23,16-Nov-23,22-Dec-23,230026174,C57BL/6J CU,230028832,N8,37972,,,,28-Dec-23,,31-Dec-23,
Exp125,230048444,D74,DBA/2J AZM,Exp,M,"10,0",Both,,,26-Oct-23,16-Nov-23,22-Dec-23,230023913,DBA/2J AZM,230022678,DBA/2J AZM,37748,,,IBA fight wounds,28-Dec-23,,31-Dec-23,
Exp134,230050180,E292,N7,Exp,M,"6,58",L,,,7-Nov-23,28-Nov-23,2-Jan-24,230017814,C57BL/6J CU,230020410,N6,37616,,,,9-Jan-24,,12-Jan-24,
Exp134,230050189,M66,MRL/MpJ CSY,Exp,M,"11,94",Both,,,7-Nov-23,28-Nov-23,2-Jan-24,230036035,MRL/MpJ CSY,230036039/230036042,MRL/MpJ CSY,38351,,,IBA fight wounds,9-Jan-24,,12-Jan-24,
Exp152,230052143,E317,N7,Exp,M,"11,72",L,D,,15-Nov-23,7-Dec-23,8-Jan-24,230017803,N6,230016732,C57BL/6J CU,37551,,,,18-Jan-24,,21-Jan-24,
Exp152,230052148,D80,DBA/2J AZM,Exp,M,"11,05",Both,D,D,12-Nov-23,7-Dec-23,8-Jan-24,230033982,DBA/2J AZM,230033508,DBA/2J AZM,38171,,,,18-Jan-24,,21-Jan-24,
Exp138,230050824,E303,N9,Exp,M,"7,21",L,,,9-Nov-23,30-Nov-23,11-Jan-24,230036013,N8,230036024,C57BL/6J CU,38377,,,,11-Jan-24,,14-Jan-24,15-Jan-24
Exp138,230050811,M82,MRL/MpJ CSY,Exp,M,"20,25",Both,,,8-Nov-23,30-Nov-23,11-Jan-24,230036036,MRL/MpJ CSY,230036040/230036041,MRL/MpJ CSY,38350,,,,11-Jan-24,,14-Jan-24,15-Jan-24
Exp175,240001077,E347,N7,Exp,M,10.52,L,D,,12-Dec-23,5-Jan-24,11-Jan-24,230017806,N6,230028831,WT,37588,,,,16-Feb-24,,19-Feb-24,
Exp175,240001057,M102,MRL/MpJ CSY,Exp,M,18.16,Both,D,D,13-Dec-23,5-Jan-23,11-Jan-24,230046692,MRL/MpJ CSY,230046695,MRL/MpJ CSY,38595,,,,16-Feb-24,,19-Feb-24,
Exp155,230054714,E322,N9,Exp,M,"9,88",L,D,,4-Dec-23,27-Dec-23,15-Jan-24,230036013,N8,230036024,C57BL/6J CU,38377,,,,7-Feb-24,,10-Feb-24,12-Feb-24
Exp155,230054678,M89,MRL/MpJ CSY,Exp,M,"22,8",Both,D,D,29-Nov-23,27-Dec-23,15-Jan-24,230036036,MRL/MpJ CSY,230036040/230036041,MRL/MpJ CSY,38350,,,,7-Feb-24,,10-Feb-24,12-Feb-24
Exp190,240001476,E367,N7,Exp,M,"13,12",L,D,,17-Dec-23,9-Jan-24,25-Jan-24,230017805,N6,230016733,C57BL/6J CU,37552,,,,20-Feb-24,3-Jan-24,23-Feb-24,
Exp190,240001458,M118,MRL/MpJ CSY,Exp,M,"22,86",Both,D,D,14-Dec-23,9-Jan-24,25-Jan-24,230046691,MRL/MpJ CSY,230046694,MRL/MpJ CSY,38594,,,IBA fight wounds,20-Feb-24,3-Jan-24,23-Feb-24,
Exp156,230054691,E332,N7,Exp,M,"10,72",L,D,,30-Nov-23,27-Dec-23,29-Jan-24,230017814,C57BL/6J CU,230020410,N6,37616,,,,7-Feb-24,,10-Feb-24,12-Feb-24
Exp156,230054672,B146,C57BL/6J CU,Exp,M,"14,84",Both,D,D,28-Nov-23,27-Dec-23,29-Jan-24,230026195,C57BL/6J CU,230026181,C57BL/6J CU,37900,,,,7-Feb-24,,10-Feb-24,12-Feb-24
Exp187,240001473,E364,N7,Exp,M,"12,64",L,D,,17-Dec-23,9-Jan-24,29-Jan-24,230017805,N6,230016733,C57BL/6J CU,37552,,,,20-Feb-24,8-Jan-24,23-Feb-24,
Exp187,240001455,M115,MRL/MpJ CSY,Exp,M,"20,21",Both,D,D,14-Dec-23,9-Jan-24,29-Jan-24,230046691,MRL/MpJ CSY,230046694,MRL/MpJ CSY,38594,,,,20-Feb-24,8-Jan-24,23-Feb-24,
Exp154,230054713,E321,N9,Exp,M,"8,17",L,D,,4-Dec-23,27-Dec-23,1-Feb-24,230036013,N8,230036024,C57BL/6J CU,38377,,,,7-Feb-24,,10-Feb-24,12-Feb-24
Exp154,230054690,C67,CBA/J BIT,Exp,M,"12,10",Both,D,D,29-Nov-23,27-Dec-23,1-Feb-24,230031806,CBA/J BIT,230031802,CBA/J BIT,38064,,,IBA fight wounds,7-Feb-24,,10-Feb-24,12-Feb-24
Exp189,240001475,E366,N7,Exp,M,"12,26",L,D,,17-Dec-23,9-Jan-24,1-Feb-24,230017805,N6,230016733,C57BL/6J CU,37552,,,IBA Hydrocephalus,20-Feb-24,,23-Feb-24,
Exp189,240001457,M117,MRL/MpJ CSY,Exp,M,"21,78",Both,D,D,14-Dec-23,9-Jan-24,1-Feb-24,230046691,MRL/MpJ CSY,230046694,MRL/MpJ CSY,38594,,,,20-Feb-24,,23-Feb-24,
Exp214,240003292,E396,N7,Exp,F,"7,76",L,D,,28-Dec-23,18-Jan-24,1-Feb-24,230017803,N6,230016732,C57BL/6J CU,37551,,,IBA Hydrocephalus,29-Feb-24,22-Feb-24,3-Mar-24,
Exp214,240003299,D113,DBA/2J AZM,Exp,F,"8,05",Both,D,D,27-Dec-23,18-Jan-24,1-Feb-24,230033982,DBA/2J AZM,230033508,DBA/2J AZM,38171,,,,29-Feb-24,22-Feb-24,3-Mar-24,
Exp182,240001463,E354,N9,Exp,M,"7,71",L,D,,15-Dec-23,9-Jan-24,2-Feb-24,230006172,C57BL/6J CU,230028832,N8,37197,,,,20-Feb-24,25-Jan-24,23-Feb-24,
Exp182,240001484,D99,DBA/2J AZM,Exp,M,"11,91",Both,D,D,17-Dec-23,9-Jan-24,2-Feb-24,230046679,DBA/2J AZM,230046682,DBA/2J AZM,38586,,,,20-Feb-24,25-Jan-24,23-Feb-24,
Exp217,230054712,E320,N9,Exp,M,"8,5",L,D,,4-Dec-23,27-Dec-23,2-Feb-24,230036013,N8,230036024,C57BL/6J CU,38377,,,,7-Feb-24,21-Feb-24,10-Feb-24,12-Feb-24
Exp217,230054689,C66,CBA/J BIT,Exp,M,"11,98",Both,D,D,29-Nov-23,27-Dec-23,2-Feb-24,230031806,CBA/J BIT,230031802,CBA/J BIT,38064,,,,7-Feb-24,21-Feb-24,10-Feb-24,12-Feb-24
Exp223,240005004,E409,N8,Exp,M,"12,41",L,D,,28-Dec-23,24-Jan-24,5-Feb-24,230044155,N7,230047177,C57BL/6J CU,38668,,,,6-Mar-24,25-Jan-24,9-Mar-24,
Exp223,240004167,B188,C57BL/6J CU,Exp,M,"7,19",Both,A,D,5-Jan-24,24-Jan-24,5-Feb-24,230046674,C57BL/6J CU,230046677,C57BL/6J CU,38584,,,,6-Mar-24,25-Jan-24,9-Mar-24,
Exp197,240002963,E378,N8,Exp,M,"10,02",L,D,,25-Dec-23,16-Jan-24,9-Feb-24,230047176,C57BL/6J CU,230042634,N7,38656,,,,27-Feb-24,29-Feb-24,1-Mar-24,
Exp197,240002930,M123,MRL/MpJ CSY,Exp,M,"20,15",Both,D,D,22-Dec-23,16-Jan-24,9-Feb-24,230036040,MRL/MpJ CSY,230036041,MRL/MpJ CSY,38350,,,,27-Feb-24,29-Feb-24,1-Mar-24,
Exp185,240001466,E357,N9,Exp,M,"9,78",L,D,,15-Dec-23,9-Jan-24,12-Feb-24,230006172,C57BL/6J CU,230028832,N8,37197,,,,20-Feb-24,22-Feb-24,23-Feb-24,
Exp185,240001450,M110,MRL/MpJ CSY,Exp,M,"23,40",Both,D,D,17-Dec-23,9-Jan-24,12-Feb-24,230046690,MRL/MpJ CSY,230046693,MRL/MpJ CSY,38593,,,,20-Feb-24,22-Feb-24,23-Feb-24,
Exp195,240002955,E370,N8,Exp,M,"8,28",L,D,,25-Dec-23,16-Jan-24,14-Feb-24,230047175,C57BL/6J CU,230042632,N7,38655,,,IBA Hydrocephalus,27-Feb-24,28-Feb-24,1-Mar-24,
Exp195,240002945,D106,DBA/2J AZM,Exp,M,"10,14",Both,D,D,23-Dec-23,16-Jan-24,14-Feb-24,230023912,DBA/2J AZM,230022677,DBA/2J AZM,37747,,,,27-Feb-24,28-Feb-24,1-Mar-24,
Exp186,240001467,E358,N9,Exp,M,"8,46",L,D,,15-Dec-23,9-Jan-24,16-Feb-24,230006172,C57BL/6J CU,230028832,N8,37197,,,,20-Feb-24,27-Feb-24,23-Feb-24,
Exp186,240001451,M111,MRL/MpJ CSY,Exp,M,"23,01",Both,D,D,17-Dec-23,9-Jan-24,16-Feb-24,230046690,MRL/MpJ CSY,230046693,MRL/MpJ CSY,38593,,,IBA fight wounds,20-Feb-24,27-Feb-24,23-Feb-24,
Exp233,240004010,E399,N8,Exp,M,"11,19",L,D,,1-Jan-24,24-Jan-24,16-Feb-24,230036021,C57BL/6J CU,230032848,N7,38384,,,,6-Mar-24,13-Mar-24,9-Mar-24,
Exp233,240004018,C77,CBA/J BIT,Exp,M,"12,75",Both,D,D,2-Jan-24,24-Jan-24,16-Feb-24,230046684,CBA/J BIT,230046687,CBA/J BIT,38590,,,IBA fight wounds,6-Mar-24,13-Mar-24,9-Mar-24,
Exp172,240001074,E344,N7,Exp,M,10.55,L,D,,12-Dec-23,5-Jan-24,19-Feb-24,230017806,N6,230028831,WT,37588,,,,16-Feb-24,15-Feb-24,19-Feb-24,
Exp172,240001083,D92,DBA/2J AZM,Exp,M,11.51,Both,D,D,14-Dec-23,5-Jan-24,19-Feb-24,230046680,DBA/2J AZM,230046683,DBA/2J AZM,38588,,,Found dead ,16-Feb-24,15-Feb-24,19-Feb-24,
Exp218,240004011,E400,N8,Exp,M,"10,64",L,D,,1-Jan-24,24-Jan-24,19-Feb-24,230036021,C57BL/6J CU,230032848,N7,38384,,,,6-Mar-24,13-Mar-24,9-Mar-24,
Exp218,240004019,C78,CBA/J BIT,Exp,M,"13,02",Both,D,D,2-Jan-24,24-Jan-24,19-Feb-24,230046684,CBA/J BIT,230046687,CBA/J BIT,38590,,,,6-Mar-24,13-Mar-24,9-Mar-24,
Exp194,240002954,E369,N8,Exp,M,"8,2",L,D,,25-Dec-23,16-Jan-24,26-Feb-24,230047175,C57BL/6J CU,230042632,N7,38655,,,,27-Feb-24,22-Feb-24,1-Mar-24,5-Mar-24
Exp194,240002944,D105,DBA/2J AZM,Exp,M,"10,10",Both,D,D,23-Dec-23,16-Jan-24,26-Feb-24,230023912,DBA/2J AZM,230022677,DBA/2J AZM,37747,,,,27-Feb-24,22-Feb-24,1-Mar-24,5-Mar-24
Exp230,240004161,E416,N8,Exp,M,"9,97",L,D,,2-Jan-24,25-Jan-24,27-Feb-24,230044156,N7,230047178,C57BL/6J CU,38669,,,,7-Mar-24,No VR,10-Mar-24,
Exp230,240004178,D115,DBA/2J AZM,Exp,M,"6,92",Both,D,D,5-Jan-24,25-Jan-24,28-Feb-24,230046680,DBA/2J AZM,230046683,DBA/2J AZM,38588,,,,7-Mar-24,No VR,10-Mar-24,
Exp243,240006883,E435,N8,Exp,M,"10,14",L,D,,21-Jan-24,15-Feb-24,14-Mar-24,230032834,C57BL/6J CU,230032845,N7,38087,,,,28-Mar-24,,31-Mar-24,
Exp243,240006918,C89,CBA/J BIT,Exp,M,"9,71",Both,D,D,27-Jan-24,15-Feb-24,14-Mar-24,230046685,CBA/J BIT,230046688,CBA/J BIT,38591,,,IBA fight wounds,28-Mar-24,,31-Mar-24,
Exp244,240006900,E444,N9,Exp,M,"9,47",L,D,,24-Jan-24,15-Feb-24,14-Mar-24,230043384,N8,230047179,C57BL/6J CU,38667,,,,28-Mar-24,,31-Mar-24,
Exp244,240006922,C93,CBA/J BIT,Exp,M,"12,36",Both,D,D,24-Jan-24,15-Feb-24,14-Mar-24,230046686,CBA/J BIT,230046689,CBA/J BIT,38592,,,,28-Mar-24,,31-Mar-24,
Exp257,240007965,E462,N8,Exp,M,"13,26",L,D,,31-Jan-24,23-Feb-24,14-Mar-24,230047491,C57BL/6J CU,230050184,N7,38804,,,,5-Apr-24,,8-Apr-24,
Exp257,240007975,M138,MRL/MpJ CSY,Exp,M,"15,18",Both,D,D,5-Feb-24,23-Feb-24, ,230046690,MRL/MpJ CSY,230046693,MRL/MpJ CSY,38593,,,,5-Apr-24,,8-Apr-24,
Exp287,240010210,E515,N10,Exp,M,"7,67",L,D,,21-Feb-24,12-Mar-24,14-Mar-24,240001468,N9,240001066,C57BL/6J CU,38914,,,,23-Apr-24,,26-Apr-24,
Exp287,240010203,D129,DBA/2J AZM,Exp,M,"14,63",Both,D,D,11-Feb-24,12-Mar-24,14-Mar-24,230046680,DBA/2J AZM,230046683,DBA/2J AZM,38588,,,,23-Apr-24,,26-Apr-24,
Exp236,240006103,E424,N9,Exp,M,"7,95",L,D,,17-Jan-24,6-Feb-24,19-Mar-24,230036013,N8,230036024,C57BL/6J CU,38377,,,,19-Mar-24,18-Mar-24,22-Mar-24,22-Mar-24
Exp236,240006098,M135,MRL/MpJ CSY,Exp,M,"28,82",Both,D,D,8-Jan-24,6-Feb-24,19-Mar-24,230046692,MRL/MpJ CSY,230046695,MRL/MpJ CSY,38595,,,Severe fight wounds after VR,19-Mar-24,18-Mar-24,22-Mar-24,22-Mar-24
Exp263,240009670,E472,N8,Exp,M,"14,03",L,D,,10-Feb-24,6-Mar-24,21-Mar-24,230047175,C57BL/6J CU,230042632,N7,38655,,,,17-Apr-24,4-Apr-24,20-Apr-24,
Exp263,240009684,D120,DBA/2J AZM,Exp,M,"12,28",Both,D,D,9-Feb-24,6-Mar-24,21-Mar-24,230023912,DBA/2J AZM,230022677,DBA/2J AZM,37747,,,IBA fight wounds,17-Apr-24,4-Apr-24,20-Apr-24,
Exp277,240009963,E504,N8,Exp,M,"8,34",L,D,,14-Feb-24,8-Mar-24,4-Apr-24,230047492,C57BL/6J CU,230050185,N7,38805,,,,19-Apr-24,,22-Apr-24,
Exp277,240009954,B216,C57BL/6J CU,Exp,M,"12,75",Both,D,D,12-Feb-24,8-Mar-24,4-Apr-24,230046672,C57BL/6J CU,230046675,C57BL/6J CU,38582,,,,19-Apr-24,,22-Apr-24,
Exp330,240012873,E563,N9,Exp,M,"6,01",L,D,,12-Mar-24,3-Apr-24,15-Apr-24,230043384,N8,230047179,C57BL/6J CU,38667,,,IBA: mal oclusion. Mouse can't eat. Urgent SAC. ,15-May-24,,18-May-24,
Exp330,240012863,B247,C57BL/6J CU,Exp,M,"11,92",Both,D,D,10-Mar-24,3-Apr-24,15-Apr-24,240001477,C57BL/6J CU,240002951,C57BL/6J CU,38928,,,,15-May-24,,18-May-24,
Exp345,240014894,E583,N8,Exp,F,"6,93",L,D,,20-Mar-24,16-Apr-24,22-Apr-24,230044155,N7,230047177,C57BL/6J CU,38668,,,Hydrocephallus: must be SAC,,,,
Exp345,240014921,D155,DBA/2J AZM,Exp,F,"9,54",Both,D,D,25-Mar-24,16-Apr-24,22-Apr-24,230046680,DBA/2J AZM,230046683,DBA/2J AZM,38588,,,,,,,
Exp338,240014891,E580,N8,Exp,M,"8,20",L,D,,20-Mar-24,16-Apr-24,2-May-24,230044155,N7,230047177,C57BL/6J CU,38668,,,,,,,
Exp338,240014918,D152,DBA/2J AZM,Exp,M,"10,13",Both,D,D,25-Mar-24,16-Apr-24,2-May-24,230046680,DBA/2J AZM,230046683,DBA/2J AZM,38588,,,,,,,
Exp306,240012000,E537,N8,Exp,M,"6,88",L,D,,6-Mar-24,26-Mar-24,6-May-24,230032834,C57BL/6J CU,230032845,N7,38087,,,"NO VR, equipment did not log in",7-May-24,2-May-24,10-May-24,13-May-24
Exp306,240011985,D133,DBA/2J AZM,Exp,M,"10,71",Both,A,D,4-Mar-24,26-Mar-24,6-May-24,230023912,DBA/2J AZM,230022677,DBA/2J AZM,37747,,,"NO VR, equipment did not log in",7-May-24,2-May-24,10-May-24,13-May-24
Exp316,240012251,E549,N8,Exp,M,"6,84",L,D,,6-Mar-24,27-Mar-24,9-May-24,230047491,C57BL/6J CU,230050184,N7,38804,,,,8-May-24,8-May-24,11-May-24,14-May-24
Exp316,240012225,D135,DBA/2J AZM,Exp,M,"12,96",Both,D,D,4-Mar-24,27-Mar-24,9-May-24,230033982,DBA/2J AZM,230033508,DBA/2J AZM,38171,,,"Animal with external (and probably internal) severe wounds after VR, must be SAC",8-May-24,8-May-24,11-May-24,14-May-24
Exp328,240012871,E561,N9,Exp,M,"7,19",L,D,,12-Mar-24,3-Apr-24,9-May-24,230043384,N8,230047179,C57BL/6J CU,38667,,,,15-May-24,,18-May-24,
Exp328,240012861,B245,C57BL/6J CU,Exp,M,"9,46",Both,D,D,10-Mar-24,3-Apr-24,9-May-24,240001477,C57BL/6J CU,240002951,C57BL/6J CU,38928,,,IBA: maloclusion (09/05). SAC,15-May-24,,18-May-24,
Exp350,240017025,E595,N8,Exp,M,"11,00",L,D,,30-Mar-24,26-Apr-24,16-May-24,230047175,C57BL/6J CU,230042632,N7,38655,,,,7-Jun-24,NO VR,10-Jun-24,
Exp350,240017038,C110,CBA/J BIT,Exp,M,"15,53",Both,D,D,1-Apr-24,26-Apr-24,16-May-24,230046685,CBA/J BIT,230046688,CBA/J BIT,38591,,,"Has a wound, only FST if it heals",7-Jun-24,No VR,10-Jun-24,
Exp339,240014899,E584,N8,Exp,M,"10,53",L,D,,22-Mar-24,16-Apr-24,21-May-24,230054670,C57BL/6J CU,230050186,N7,38806,,,SAC: cagemate used as breeder,28-May-24,,,
Exp352,240017668,E611,N10 ,Exp,M,"12,42",L,D,,8-Apr-24,3-May-24,10-Jun-24,240001468,N9,240001066,C57BL/6J CU,38914,,,,14-Jun-24,10-Jun-24,17-Jun-24,18-Jun-24
Exp352,240017623,D158,DBA/2J AZM,Exp,M,"8,18",Both,D,D,8-Apr-24,3-May-24,10-Jun-24,230046679,DBA/2J AZM,230046682,DBA/2J AZM,38586,,,IBA ocular problems (14/05),14-Jun-24,10-Jun-24,17-Jun-24,18-Jun-24
Exp365,240024259,E689,N10,Exp,M,"9,58",L,D,,29-May-24,19-Jun-24,4-Jul-24,240001468,N9,240001066,C57BL/6J CU,38914,,,,31-Jul-24,,3-Aug-24,
Exp365,240024250,D174,DBA/2J AZM,Exp,M,"6,16",Both,D,D,28-May-24,19-Jun-24,4-Jul-24,240001487,DBA/2J AZM,240001088,DBA/2J AZM,38924,,,,31-Jul-24,,3-Aug-24,
Exp366,240024260,E690,N10,Exp,M,"8,28",L,D,,29-May-24,19-Jun-24,8-Jul-24,240001468,N9,240001066,C57BL/6J CU,38914,,,,31-Jul-24,,3-Aug-24,
Exp366,240024251,D175,DBA/2J AZM,Exp,M,"6,00",Both,D,D,28-May-24,19-Jun-24,8-Jul-24,240001487,DBA/2J AZM,240001088,DBA/2J AZM,38924,,,,31-Jul-24,,3-Aug-24,
Exp364,240021138,E665,N8,Exp,M,"11,00",L,D,,4-May-24,29-May-24,11-Jul-24,230044155,N7,230047177,C57BL/6J CU,38668,,,,10-Jul-24,10-Jul-24,13-Jul-24,15-Jul-24
Exp364,240021179,D169,DBA/2J AZM,Exp,M,"10,31",Both,D,D,7-May-24,29-May-24,11-Jul-24,240001487,DBA/2J AZM,240001088,DBA/2J AZM,38924,,,IBA fight wounds 20/06,10-Jul-24,10-Jul-24,13-Jul-24,15-Jul-24
Exp385,240026886,E719,N8,Exp,M,"9,72",L,D,,20-Jun-24,10-Jul-24,16-Jul-24,240009942,N7,240011995,C57BL/6J CU,39401,,,,,,,
Exp385,240026883,D186,DBA/2J AZM,Exp,M,"10,91",Both,D,D,19-Jun-24,10-Jul-24,16-Jul-24,230046680,DBA/2J AZM,230046683,DBA/2J AZM,38588,,,,,,,
Exp368,240024262,E692,N10,Exp,M,"9,84",L,D,,29-May-24,19-Jun-24,18-Jul-24,240001468,N9,240001066,C57BL/6J CU,38914,,,,31-Jul-24,,3-Aug-24,
Exp368,240024253,D177,DBA/2J AZM,Exp,M,"7,48",Both,D,D,28-May-24,19-Jun-24,18-Jul-24,240001487,DBA/2J AZM,240001088,DBA/2J AZM,38924,,,IBA fight wounds,31-Jul-24,,3-Aug-24,
Exp370,240024265,E695,N10,Exp,F,"10,65",L,D,,29-May-24,19-Jun-24,18-Jul-24,240001468,N9,240001066,C57BL/6J CU,38914,,,,31-Jul-24,,3-Aug-24,
Exp370,240024255,D179,DBA/2J AZM,Exp,F,"7,76",Both,D,D,28-May-24,19-Jun-24,18-Jul-24,240001487,DBA/2J AZM,240001088,DBA/2J AZM,38924,,,Wrongly sexed at weaning,31-Jul-24,,3-Aug-24,
Exp369,240024263,E693,N10,Exp,M,"8,94",L,D,,29-May-24,19-Jun-24,22-Jul-24,240001468,N9,240001066,C57BL/6J CU,38914,,,,31-Jul-24,,3-Aug-24,
Exp369,240024254,D178,DBA/2J AZM,Exp,M,"6,14",Both,D,D,28-May-24,19-Jun-24,22-Jul-24,240001487,DBA/2J AZM,240001088,DBA/2J AZM,38924,,,,31-Jul-24,,3-Aug-24,
Exp386,240026874,E724,N9,Exp,M,"10,64",L,D,,18-Jun-24,10-Jul-24,5-Aug-24,240012844,C57BL/6J CU,240009976,N8,39402,,,,21-Aug-24,,24-Aug-24,
Exp386,240026884,D187,DBA/2J AZM,Exp,M,"11,10",Both,D,D,19-Jun-24,10-Jul-24,5-Aug-24,230046680,DBA/2J AZM,230046683,DBA/2J AZM,38588,,,,21-Aug-24,,24-Aug-24,
Exp407,240029984,E753,N10,Exp,M,"13,46",L,D,,11-Jul-24,6-Aug-24,12-Aug-24,240009663,C57BL/6J CU,240012876,N9,39568,,,,17-Sep-24,,20-Sep-24,
Exp407,240030053,C141,CBA/J BIT,Exp,M,"13,26",Both,D,D,15-Jul-24,6-Aug-24,12-Aug-24,240023132,CBA/J BIT,240023134,CBA/J BIT,39566,,,,17-Sep-24,,20-Sep-24,
Exp371,240025438,E699,N8,Exp,M,"7,06",L,D,,6-Jun-24,28-Jun-24,13-Aug-24,230047492,C57BL/6J CU,230050185,N7,38805,,,,9-Aug-24,12-Aug-24,12-Aug-24,16-Aug-24
Exp371,240025430,C122,CBA/J BIT,Exp,M,"14,15",Both,D,D,4-Jun-24,28-Jun-24,13-Aug-24,230046685,CBA/J BIT,230046688,CBA/J BIT,38591,,,Severly wounded after VR - SAC ,9-Aug-24,12-Aug-24,12-Aug-24,16-Aug-24
Exp395,240027913,E731,N9,Exp,M,"9,68",L,D,,27-Jun-24,18-Jul-24,14-Aug-24,240017030,N8,240011998,C57BL/6J CU,39447,,,,29-Aug-24,,1-Sep-24,
Exp395,240027881,D194,DBA/2J AZM,Exp,M,"11,62",Both,D,D,21-Jun-24,18-Jul-24,14-Aug-24,240001487,DBA/2J AZM,240001088,DBA/2J AZM,38924,,,IBA fight wounds 14/08,29-Aug-24,,1-Sep-24,
Exp409,240029986,E755,N10,Exp,M,"12,48",L,D,,11-Jul-24,6-Aug-24,14-Aug-24,240009663,C57BL/6J CU,240012876,N9,39568,,,,17-Sep-24,,20-Sep-24,
Exp409,240030055,C143,CBA/J BIT,Exp,M,"9,17",Both,D,D,15-Jul-24,6-Aug-24,14-Aug-24,240023132,CBA/J BIT,240023134,CBA/J BIT,39566,,,IBA fight wounds 14/08,17-Sep-24,,20-Sep-24,
Exp388,240026876,E726,N9,Exp,M,"9,81",L,D,,18-Jun-24,10-Jul-24,23-Aug-24,240012844,C57BL/6J CU,240009976,N8,39402,,,,21-Aug-24,22-Aug-24,24-Aug-24,29-Aug-24
Exp388,240026892,D189,DBA/2J AZM,Exp,M,"6,06",Both,D,D,20-Jun-24,10-Jul-24,23-Aug-24,240017622,DBA/2J AZM,240018431/240018432,DBA/2J AZM,39405,,,,21-Aug-24,22-Aug-24,24-Aug-24,29-Aug-24
Exp389,240026877,E727,N9,Exp,M,"10,18",L,D,,18-Jun-24,10-Jul-24,26-Aug-24,240012844,C57BL/6J CU,240009976,N8,39402,,,,21-Aug-24,22-Aug-24,24-Aug-24,29-Aug-24
Exp389,240026893,D190,DBA/2J AZM,Exp,M,"6,46",Both,D,D,20-Jun-24,10-Jul-24,26-Aug-24,240017622,DBA/2J AZM,240018431/240018432,DBA/2J AZM,39405,,,Found dead in cage 26/08,21-Aug-24,22-Aug-24,24-Aug-24,29-Aug-24
Exp412,240029989,E758,N10,Exp,M,"7,37",L,D,,11-Jul-24,6-Aug-24,29-Aug-24,240009663,C57BL/6J CU,240012876,N9,39568,,,,17-Sep-24,4-Sep-24,20-Sep-24,13-Sep-24
Exp412,240030008,M157,MRL/MpJ CSY,Exp,M,"11,11",Both,D,D,14-Jul-24,6-Aug-24,29-Aug-24,240023135,MRL/MpJ CSY,240023138,MRL/MpJ CSY,39562,,,IBA fight wounds 29/08,17-Sep-24,4-Sep-24,20-Sep-24,13-Sep-24
Exp410,240029987,E756,N10,Exp,M,"11,17",L,D,,11-Jul-24,6-Aug-24,4-Sep-24,240009663,C57BL/6J CU,240012876,N9,39568,,,,17-Sep-24,No VR,20-Sep-24,13-Sep-24
Exp410,240029978,M165,MRL/MpJ CSY,Exp,M,"21,89",Both,D,D,11-Jul-24,6-Aug-24,4-Sep-24,240023136,MRL/MpJ CSY,240023139,MRL/MpJ CSY,39563,,,IBA fight wounds 29/08. Too wounded for VR. Wound infected.,17-Sep-24,No VR,20-Sep-24,13-Sep-24
Exp452,240032879,E800,N8,Exp,M,"12,13",L,D,,3-Aug-24,28-Aug-24,9-Sep-24,240009942,N7,240011995,C57BL/6J CU,39401,,,,9-Oct-24,,12-Oct-24,
Exp452,240032872,M194,MRL/MpJ CSY,Exp,M,"18,22",Both,D,D,4-Aug-24,28-Aug-24,9-Sep-24,240023136,MRL/MpJ CSY,240023139,MRL/MpJ CSY,39563,,,,9-Oct-24,,12-Oct-24,
Exp444,240032904,E789,N10,Exp,M,"7,33",L,D,,7-Aug-24,28-Aug-24,12-Sep-24,240001469,N9,240001067,C57BL/6J CU,38915,,,,9-Oct-24,,12-Oct-24,
Exp444,240032894,M183,MRL/MpJ CSY,Exp,M,"8,20",Both,D,D,7-Aug-24,28-Aug-24,12-Sep-24,240023135,MRL/MpJ CSY,240023138,MRL/MpJ CSY,39562,,,,9-Oct-24,,12-Oct-24,
Exp450,240032877,E798,N8,Exp,M,"12,13",L,D,,3-Aug-24,28-Aug-24,18-Sep-24,240009942,N7,240011995,C57BL/6J CU,39401,,,,9-Oct-24,,12-Oct-24,
Exp450,240032870,M192,MRL/MpJ CSY,Exp,M,"18,30",Both,D,D,4-Aug-24,28-Aug-24,18-Sep-24,240023136,MRL/MpJ CSY,240023139,MRL/MpJ CSY,39563,,,,9-Oct-24,,12-Oct-24,
Exp451,240032878,E799,N8,Exp,M,"11,50",L,D,,3-Aug-24,28-Aug-24,18-Sep-24,240009942,N7,240011995,C57BL/6J CU,39401,,,,9-Oct-24,,12-Oct-24,
Exp451,240032871,M193,MRL/MpJ CSY,Exp,M,"18,46",Both,D,D,4-Aug-24,28-Aug-24,18-Sep-24,240023136,MRL/MpJ CSY,240023139,MRL/MpJ CSY,39563,,,,9-Oct-24,,12-Oct-24,
Exp447,240032907,E792,N10,Exp,M,"6,26",L,D,,7-Aug-24,28-Aug-24,4-Oct-24,240001469,N9,240001067,C57BL/6J CU,38915,,,,9-Oct-24,3-Oct-24,12-Oct-24,7-Oct-24
Exp447,240032897,M186,MRL/MpJ CSY,Exp,M,"10,12",Both,D,D,7-Aug-24,28-Aug-24,4-Oct-24,240023135,MRL/MpJ CSY,240023138,MRL/MpJ CSY,39562,,,M186 had previous penis wound that developed in an extended infection after VR,9-Oct-24,3-Oct-24,12-Oct-24,7-Oct-24
Exp470,240036810,E839,N8,Exp,M,"12,92",L,D,,1-Sep-24,25-Sep-24,17-Oct-24,240009945,N7,240011997,C57BL/6J CU,39605,,,Found dead in cage /no head/wound on back limbs/severe noise by repair works ,6-Nov-24,21-Oct-24,9-Nov-24,28-Oct-24
Exp470,240036782,M212,MRL/MpJ CSY,Exp,M,"21,12",Both,D,D,28-Aug-24,25-Sep-24,17-Oct-24,240023136,MRL/MpJ CSY,240023139,MRL/MpJ CSY,39563,,,,6-Nov-24,21-Oct-24,9-Nov-24,28-Oct-24